time,ax (m/s^2),ay (m/s^2),az (m/s^2),aT (m/s^2)
0.017718,0.0382,9.8777,0.0994,0.39
0.032781,0.0304,9.8842,0.2361,0.45
0.051425,0.4376,9.8285,0.2086,0.59
0.054498,0.5999,9.8519,0.2182,0.73
0.06896,0.4437,9.9566,0.1744,0.66
0.086352,0.4093,10.0045,0.1076,0.66
0.086588,0.4002,10.0383,0.0047,0.67
0.099615,0.3373,10.0194,-0.0291,0.62
0.104008,0.2485,9.9376,0.0479,0.51
0.114403,0.1825,9.878,0.1265,0.44
0.131627,0.1344,9.8666,0.2092,0.44
0.13428,0.0708,9.8532,0.287,0.46
0.148134,0.0727,9.8468,0.2803,0.45
0.154237,0.0804,9.7963,0.271,0.41
0.165209,0.0954,9.7896,0.2076,0.37
0.17438,0.1052,9.7829,0.1539,0.34
0.184066,0.0349,9.7691,0.1846,0.33
0.198505,-0.0758,9.7496,0.2125,0.34
0.204249,-0.1928,9.6913,0.2123,0.34
0.215482,-0.2054,9.677,0.2407,0.36
0.224591,-0.1522,9.6996,0.2474,0.35
0.234056,-0.0475,9.7451,0.2883,0.38
0.248633,0.0819,9.8036,0.3352,0.46
0.254482,0.1764,9.7969,0.2579,0.43
0.265205,0.4119,9.8904,0.2733,0.63
0.27443,0.5063,9.8861,0.1676,0.66
0.283745,0.4854,9.9381,0.0463,0.66
0.298533,0.6102,10.0823,0.0076,0.84
0.303972,0.5988,10.1822,-0.0168,0.91
0.315899,0.449,10.2084,-0.0376,0.84
0.324491,0.1823,10.2399,-0.0229,0.76
0.334057,-0.0929,10.1326,-0.0786,0.64
0.349889,-0.4467,9.9774,-0.0796,0.66
0.354139,-0.8086,9.8177,-0.0492,0.87
0.365997,-1.1322,9.6819,-0.0745,1.15
0.37443,-1.2677,9.6285,0.0152,1.27
0.388268,-1.2971,9.6594,0.0799,1.31
0.399362,-1.0999,9.8112,0.2425,1.17
0.407899,-0.8395,9.8919,0.404,1.01
0.430696,-0.6029,9.957699999999999,0.4988,0.91
0.450287,0.4382,10.2394,0.7078,1.11
0.458141,0.6883,10.2957,0.6816,1.25
0.468065,0.7947,10.3197,0.5925,1.29
0.483688,0.768,10.2585,0.3933,1.15
0.488057,0.7646,10.1238,0.2338,1.01
0.501159,0.705,9.9866,0.1384,0.87
0.508,0.4845,9.813,-0.0554,0.58
0.517984,0.2789,9.6613,-0.2067,0.38
0.534396,0.0314,9.6291,-0.2688,0.3
0.537602,-0.247,9.6724,-0.2106,0.37
0.551174,-0.4991,9.8002,-0.1311,0.6
0.558011,-0.681,9.9273,-0.0874,0.81
0.56811,-0.7439,9.9814,-0.0745,0.89
0.585095,-0.6795,10.0463,-0.0508,0.87
0.58782,-0.5723,10.0154,0.0066,0.77
0.601662,-0.495,10.0183,0.1172,0.73
0.607703,-0.3903,10.0451,0.2155,0.7
0.6183,-0.3326,9.991,0.2307,0.64
0.627872,-0.3072,9.932,0.2101,0.57
0.637815,-0.3215,9.8517,0.2376,0.53
0.651884,-0.3995,9.7811,0.302,0.57
0.657885,-0.5565,9.7462,0.4458,0.75
0.66868,-0.7202,9.6557,0.5722,0.93
0.677865,-0.7875,9.5177,0.7074,1.06
0.687576,-0.7758,9.3257,0.8323,1.15
0.702145,-0.7535,9.1976,0.9198,1.23
0.707902,-0.688,9.105,1.0273,1.3
0.71896,-0.6178,9.05,1.1345,1.37
0.727942,-0.5347,9.0905,1.1849,1.36
0.737383,-0.43,9.1531,1.1743,1.3
0.752315,-0.3244,9.3072,1.0763,1.14
0.757547,-0.2155,9.4284,0.9559,0.98
0.769066,-0.1454,9.5017,0.8372,0.85
0.777903,-0.0839,9.5825,0.7676,0.78
0.787394,-0.0362,9.616,0.7905,0.8
0.802798,-0.0165,9.5703,0.8359,0.84
0.807686,0.0432,9.5502,0.8867,0.89
0.820036,0.0948,9.5191,0.9118,0.92
0.827707,0.1065,9.5088,0.928,0.93
0.837595,0.1232,9.5336,0.9652,0.97
0.853095,0.1524,9.6071,0.9824,1.0
0.857339,0.1299,9.7085,1.0239,1.05
0.869867,0.0606,9.7483,1.011,1.04
0.87865,-0.0505,9.8124,1.0218,1.07
0.887321,-0.2334,9.9691,1.1235,1.24
0.90289,-0.4845,10.1615,1.3129,1.55
0.907287,-0.7502,10.4451,1.5471,1.96
0.920085,-0.9785,10.6811,1.6714,2.27
0.927114,-1.1418,10.8286,1.7431,2.47
0.938414,-1.2433,10.9316,1.7956,2.61
0.956122,-1.3215,10.9489,1.9076,2.74
0.957161,-1.2633,10.8249,2.0087,2.72
0.971707,-1.1871,10.5605,2.1074,2.64
0.977176,-1.1235,10.2638,2.2315,2.61
0.99449,-1.0567,9.9321,2.3604,2.62
1.003604,-0.8808,9.6843,2.4388,2.6
1.007444,-0.5142,9.736,1.6776,1.77
1.021155,-0.2769,10.2932,1.1953,1.46
1.0276,-0.0001,11.2982,1.8383,2.57
1.03752,0.3189,12.615,2.9944,4.33
1.047039,-0.4781,13.3169,2.7544,4.73
1.05714,-1.8514,12.7271,0.3236,3.73
1.071522,-2.4256,11.7658,-2.0188,3.88
1.07687,-2.491,11.3051,-2.7278,4.11
1.088236,-2.4235,11.0412,-2.5602,3.85
1.097143,-1.9085,10.7832,-2.2724,3.23
1.107027,-0.9916,10.3938,-2.2698,2.63
1.121548,0.0654,9.8984,-2.6451,2.68
1.126862,1.1201,9.3488,-3.0171,3.22
1.13868,1.9449,9.1141,-2.9982,3.59
1.147258,2.3331,9.3054,-2.5247,3.44
1.157144,2.5146,9.8531,-1.9144,3.18
1.172525,2.6908,10.4837,-1.3848,3.18
1.177121,2.5983,10.9253,-1.0403,3.14
1.189248,2.1098,11.1432,-0.8306,2.8
1.196993,1.2286,11.161200000000001,-0.6113,2.15
1.207047,0.1081,10.812,-0.3735,1.37
1.222577,-0.8684,10.3399,-0.1475,1.22
1.227041,-1.6001,9.8782,0.0176,1.64
1.239579,-2.1247,9.5131,0.1042,2.13
1.24703,-2.5402,9.2578,0.1363,2.56
1.25677,-2.7594,8.9801,-0.1124,2.81
1.27323,-2.7315,8.7299,-0.5536,2.89
1.277374,-2.4142,8.5146,-1.0144,2.8
1.293047,-1.9187,8.4291,-1.3498,2.58
1.297219,-1.1349,8.4041,-1.4535,2.15
1.307957,-0.284,8.349499999999999,-1.5407,1.94
1.325051,0.4763,8.2284,-1.6651,2.15
1.326788,1.0716,8.1866,-1.6,2.33
1.342383,1.5507,8.128,-1.3507,2.47
1.347194,2.0197,8.1105,-0.9865,2.64
1.359035,2.2879,8.1922,-0.5195,2.69
1.375701,2.2169,8.4613,-0.2115,2.46
1.37671,1.9651,8.7809,0.0596,2.09
1.392726,1.5101,9.0641,0.1207,1.58
1.397055,0.9762,9.3384,0.109,1.0
1.40921,0.4954,9.5724,0.053,0.5
1.417125,0.0512,9.7039,-0.0354,0.21
1.439489,-0.3074,9.7184,-0.2184,0.44
1.43973,-0.4968,9.6483,-0.3497,0.63
1.448503,-0.5387,9.564,-0.3714,0.66
1.45747,-0.4444,9.5447,-0.1902,0.49
1.467379,-0.2547,9.5505,-0.0189,0.26
1.478352,0.0051,9.501,0.0376,0.04
1.492074,0.321,9.4143,0.1634,0.37
1.49677,0.6295,9.3007,0.4055,0.77
1.510299,0.8127,9.1738,0.4752,1.0
1.516787,0.929,9.1439,0.4158,1.08
1.527106,1.0097,9.2419,0.3427,1.1
1.544119,1.077,9.47,0.3723,1.14
1.546643,1.1441,9.8863,0.6741,1.38
1.561902,1.0997,10.4883,1.3335,1.99
1.567278,0.8514,11.0209,1.6231,2.38
1.578619,0.5173,11.3762,1.4565,2.43
1.595515,-0.0834,11.5977,1.2502,2.44
1.596583,-0.6531,11.7091,0.9403,2.49
1.611754,-0.8155,11.6769,0.8146,2.46
1.617515,-0.6606,11.448,0.9467,2.26
1.62677,-0.3483,11.0414,1.191,1.98
1.644188,0.1163,10.4981,1.4466,1.76
1.646424,0.501,9.9088,1.723,1.84
1.662235,0.5901,9.4219,1.9268,2.02
1.667585,0.4723,8.9459,2.0199,2.15
1.676911,0.2151,8.6278,1.8663,2.07
1.695886,0.0932,8.8095,1.1819,1.37
1.696053,0.1458,9.7127,0.6308,0.68
1.712169,0.0239,11.2448,0.487,1.81
1.717127,0.2172,13.1272,0.1813,3.64
1.729359,1.0128,14.4527,-1.1627,5.19
1.743743,2.1078,14.511700000000001,-3.2073,6.31
1.746182,2.7225,13.3701,-4.9862,6.87
1.761243,2.2703,11.8044,-5.5761,6.45
1.766697,1.1861,10.5074,-5.2019,5.43
1.777487,0.1827,9.7304,-4.703,4.71
1.796521,-0.8304,9.2181,-4.2348,4.32
1.796759,-2.0157,8.9012,-3.6987,4.25
1.81097,-2.9123,8.8737,-2.9016,4.16
1.816334,-3.085,9.0314,-1.9348,3.67
1.830521,-2.7436,9.316,-1.0339,2.94
1.836187,-2.1935,9.6023,-0.2317,2.21
1.846035,-1.5814,10.0014,0.4669,1.72
1.861197,-0.8232,10.4199,0.9927,1.58
1.866156,0.0482,10.7009,1.1111,1.64
1.880035,1.0069,10.7958,0.6541,1.77
1.88656,1.7286,10.7397,-0.0422,2.13
1.895794,2.1788,10.5562,-0.7027,2.52
1.911625,2.3785,10.2874,-1.2284,2.79
1.915904,2.4309,9.9405,-1.635,2.96
1.928538,2.352,9.5159,-1.8079,2.97
1.935924,2.1771,9.04,-1.8613,2.9
1.947252,1.916,8.5464,-1.7455,2.76
1.962674,1.6456,8.0843,-1.4413,2.61
1.965828,1.2445,7.6076999999999995,-1.085,2.51
1.978409,0.6225,7.339700000000001,-0.6333,2.34
1.985786,-0.2045,7.2940000000000005,-0.1156,2.22
1.996076,-0.97,7.3187,0.2178,2.4
2.012633,-1.6529,7.4838000000000005,0.3577,2.63
2.016001,-2.1497,7.7721,0.3711,2.78
2.029638,-2.4769,8.1942,0.353,2.82
2.03593,-2.3762,8.6735,0.2798,2.53
2.048825,-1.9687,9.1408,0.096,2.0
2.06719,-1.5,9.4547,-0.1285,1.51
2.067622,-1.0368,9.5553,-0.2812,1.08
2.084817,-0.6396,9.5257,-0.3214,0.72
2.086384,-0.3353,9.3078,-0.2413,0.46
2.104205,-0.1725,8.9514,-0.1479,0.59
2.117419,-0.0992,8.5592,0.0474,0.95
2.11763,-0.1024,8.2677,0.3902,1.3
2.132254,-0.143,8.064,0.921,1.71
2.135974,-0.1022,7.9778,1.3571,2.04
2.1502,-0.0802,7.9745,1.7079,2.29
2.165765,-0.0878,8.1458,1.9387,2.37
2.16595,-0.1573,8.6044,2.0166,2.21
2.182802,-0.2466,9.2089,1.959,2.0
2.185786,-0.3367,9.9575,1.7043,1.8
2.200289,-0.3861,10.8492,1.2732,1.89
2.206121,-0.4032,11.7848,0.8597,2.47
2.216551,-0.2836,12.5558,0.6784,3.14
2.232965,0.0424,13.0024,0.9179,3.62
2.235814,0.4624,13.109300000000001,1.4464,3.92
2.250395,0.5781,12.8817,1.9911,3.97
2.256625,0.1386,12.4412,2.2497,3.71
2.266822,-0.2261,12.0029,2.0474,3.24
2.282597,-0.164,12.1792,0.4995,2.73
2.285952,-0.3288,12.7076,0.4405,3.25
2.299944,0.2196,13.3984,2.7794,4.79
2.30611,0.2883,13.9589,4.9852,6.69
2.316988,-0.9087,13.6384,3.7858,5.68
2.333656,-2.4686,12.932,0.6074,4.27
2.335544,-3.3047,12.5196,-1.1885,4.63
2.34871,-3.2883,12.3377,-1.3281,4.54
2.355694,-2.7573,11.9944,-1.183,3.9
2.36606,-1.972,11.5235,-1.1518,3.05
2.383875,-1.0758,10.9039,-1.4034,2.26
2.385346,-0.1042,9.8122,-2.0149,2.04
2.398212,0.7576,8.6119,-2.6878,2.93
2.405353,1.4217,7.622,-3.1189,3.91
2.417349,1.7742,7.2986,-2.7961,3.98
2.438565,1.8715,7.7813,-2.0161,3.24
2.439136,2.0674,8.5611,-1.4613,2.7
2.448366,2.337,9.4624,-1.1342,2.6
2.455237,2.6795,10.4121,-0.9817,3.0
2.467636,2.9867,11.1847,-0.8922,3.54
2.487726,3.1153,11.5867,-0.8553,3.85
2.487957,2.8671,11.6726,-0.8457,3.7
2.501225,2.255,11.4529,-0.7881,3.09
2.505914,1.2519,11.0343,-0.3948,2.02
2.518781,0.2516,10.572,0.0182,1.1
2.537707,-0.5742,10.0732,-0.0299,0.81
2.537958,-1.1083,9.4141,-0.4296,1.19
2.553987,-1.5802,8.7673,-0.678,1.87
2.555165,-1.9964,8.2326,-0.7383,2.48
2.567438,-2.3778,7.7009,-0.6271,3.05
2.575252,-2.539,7.2542,-0.4613,3.42
2.58574,-2.4399,6.9717,-0.2621,3.52
2.60272,-2.0763,6.7669,-0.1626,3.44
2.605211,-1.5136,6.717499999999999,-0.1082,3.17
2.618814,-0.8685,6.8666,-0.1977,2.78
2.625815,-0.2012,7.0297,-0.3344,2.5
2.636109,0.3892,7.2194,-0.4464,2.36
2.653198,0.8284,7.5008,-0.4915,2.22
2.655063,1.0496,7.8343,-0.4808,2.03
2.670086,1.0838,8.1691,-0.4219,1.77
2.675903,1.0222,8.533,-0.2531,1.43
2.686273,0.9185,8.8478,-0.1053,1.13
2.703657,0.8347,9.0067,-0.033,0.97
2.705095,0.8165,8.9855,0.0803,0.97
2.719692,0.7981,8.776,0.1646,1.09
2.725797,0.7704,8.488199999999999,0.3412,1.32
2.737222,0.8071,8.143699999999999,0.5973,1.69
2.753508,0.8147,7.8425,0.8962,2.05
2.755097,0.7573,7.6709,1.2032,2.32
2.770833,0.7365,7.7397,1.3602,2.34
2.775767,0.7374,7.91,1.3703,2.22
2.786059,0.6296,8.2211,1.3781,1.98
2.803737,0.5086,8.7469,1.1786,1.49
2.804801,0.3733,9.4745,0.8803,0.96
2.824221,0.2282,10.3535,0.7029,1.13
2.825011,0.3689,11.2682,0.5721,1.89
2.837531,0.5532,12.1152,0.2942,2.69
2.854223,0.5243,12.9833,0.298,3.54
2.855079,0.5231,13.7828,0.9278,4.41
2.871648,0.7941,14.3803,2.1398,5.39
2.875261,1.1896,14.514800000000001,3.3251,6.13
2.889929,1.3688,14.1845,4.0661,6.35
2.89755,1.3832,13.569600000000001,4.3035,6.08
2.907117,1.4374,12.6695,4.3214,5.55
2.919934,1.6491,11.6689,4.475,5.24
2.925078,1.8357,10.7823,4.1641,4.73
2.93789,2.0359,10.3753,2.4291,3.29
2.944777,2.6044,10.6097,1.5729,3.24
2.95497,2.4566,11.4184,2.8246,4.21
2.971781,1.6583,12.382,3.7643,5.02
2.975509,2.3573,12.6029,1.2677,4.1
2.988589,3.5195,11.7201,-2.2,4.71
2.994764,3.0047,10.861699999999999,-4.3779,5.48
3.005592,1.1722,10.2653,-5.336,5.52
3.022064,-1.095,9.9603,-5.6693,5.79
3.024709,-3.0497,10.1371,-5.9294,6.7
3.038797,-4.4067,10.5929,-6.0693,7.58
3.044807,-5.3569,11.0113,-5.6131,7.9
3.054642,-5.6469,11.2854,-4.2957,7.32
3.072888,-4.9034,11.3695,-2.7858,5.94
3.074673,-3.5475,11.0399,-1.8826,4.3
3.08749,-2.1538,10.4546,-1.4269,2.75
3.094542,-0.9803,9.9672,-0.798,1.35
3.106028,-0.0755,9.5314,-0.0482,0.09
3.120959,0.7456,9.1225,0.4205,0.94
3.124297,1.4914,8.5923,0.4888,1.81
3.139753,1.9349,8.0722,0.2313,2.42
3.146149,1.9583,7.5166,-0.2768,2.8
3.15849,1.8122,6.9861,-0.9095,3.23
3.173179,1.5691,6.6135,-1.2682,3.52
3.17434,1.2325,6.396,-1.2716,3.57
3.190683,0.7357,6.2668,-1.2948,3.56
3.195043,0.3561,6.1104,-1.3632,3.67
3.207985,0.0354,6.0013000000000005,-1.3408,3.75
3.23137,-0.2602,6.082800000000001,-1.1399,3.61
3.242522,-0.5642,7.0405999999999995,-0.4451,2.56
3.255581,-1.0602,8.5447,-0.0379,1.43
3.273773,-1.3268,9.2123,0.1036,1.36
3.27476,-1.3138,9.7696,0.3149,1.38
3.29052,-1.0828,10.081,0.4754,1.32
3.294924,-0.9062,10.187,0.6658,1.32
3.308254,-0.8576,9.9934,0.9247,1.35
3.324918,-0.8483,9.6328,1.2014,1.48
3.325199,-0.955,9.2852,1.4871,1.78
3.340381,-1.0705,9.0348,1.8376,2.18
3.344146,-1.1252,8.9004,2.1905,2.53
3.358167,-1.0454,8.9054,2.4424,2.72
3.364442,-0.8326,8.9667,2.4256,2.62
3.376889,-0.4113,9.0474,2.2928,2.37
3.391728,0.0806,9.2866,2.2481,2.26
3.394351,0.4783,9.7277,1.9163,1.99
3.406007,0.8138,10.3446,1.3671,1.8
3.414304,0.9715,11.2363,0.8772,2.17
3.436441,1.1011,12.4072,0.6776,3.18
3.438076,1.1191,13.6173,0.9362,4.37
3.444324,0.9556,14.6707,1.2739,5.41
3.457026,0.4297,14.9328,1.331,5.61
3.463817,-0.4085,14.297799999999999,1.3301,5.0
3.474099,-1.0229,13.0673,1.4926,4.0
3.490352,-1.1852,11.9435,1.0651,2.92
3.494317,-1.5213,11.645900000000001,-0.3692,2.66
3.50768,-1.9522,12.0829,-0.1766,3.24
3.514215,-1.2711,13.1672,1.9623,4.35
3.524245,-1.5209,13.9606,3.2659,5.73
3.539929,-3.3362,13.6796,1.1362,5.47
3.544117,-4.1716,12.4775,-2.8454,5.86
3.556897,-2.7919,11.1695,-5.5912,6.47
3.564186,-1.0944,10.0258,-6.5772,6.69
3.574027,-0.0112,9.3995,-6.6152,6.62
3.59142,0.7295,9.4341,-6.1962,6.24
3.5943,1.5082,10.0335,-5.1235,5.37
3.608429,1.9396,10.6093,-3.7915,4.4
3.613913,1.8231,10.699300000000001,-2.9926,3.7
3.624073,1.5851,10.6135,-2.4866,3.15
3.640918,1.1669,10.4396,-1.9949,2.49
3.64397,0.5436,10.2209,-1.4131,1.68
3.658604,-0.0124,9.9052,-0.7225,0.83
3.664089,-0.3214,9.4734,-0.0165,0.32
3.673809,-0.7917,9.0266,0.448,1.03
3.691694,-1.465,8.6645,0.5938,1.79
3.693796,-2.0155,8.2869,0.3553,2.38
3.708645,-2.488,7.7419,-0.2785,3.06
3.714219,-2.603,7.2280999999999995,-0.976,3.59
3.72629,-2.4873,6.7702,-1.5236,4.0
3.742191,-2.3712,6.3485,-1.9053,4.38
3.743641,-2.054,6.0725999999999996,-2.3416,4.63
3.758584,-1.4426,6.049799999999999,-2.5558,4.53
3.764111,-0.5151,6.2485,-2.4201,4.09
3.775535,0.5467,6.6713000000000005,-2.0069,3.51
3.784009,1.4656,7.2264,-1.6461,3.17
3.794103,2.1289,7.9466,-1.4172,2.99
3.809468,2.5291,8.685,-1.2441,2.93
3.814219,2.8097,9.3784,-0.9871,2.98
3.825618,3.0175,9.9889,-0.5643,3.11
3.833869,2.9527,10.4263,-0.2697,3.11
3.843688,2.62,10.6514,-0.06,2.86
3.859656,2.1075,10.7311,0.0514,2.44
3.86356,1.5495,10.7193,0.2043,1.98
3.876663,1.1226,10.5532,0.502,1.62
3.883857,0.7628,10.2318,0.8605,1.36
3.894281,0.5395,9.8214,1.2745,1.42
3.903354,0.4624,9.2796,1.6182,1.7
3.913442,0.4546,8.7264,1.7732,1.99
3.925854,0.4113,8.4198,1.8206,2.16
3.933336,0.408,8.4281,1.707,2.06
3.943423,0.6679,8.7551,1.3975,1.72
3.959587,0.9882,9.3662,0.8365,1.3
3.963705,0.9432,10.0156,0.5134,1.19
3.977394,0.9169,10.396,0.3415,1.33
3.984191,1.1955,10.5058,0.0949,1.57
3.993958,1.1004,10.8515,0.2662,1.76
4.011814,0.633,11.515699999999999,0.999,2.34
4.013476,0.7777,11.9902,1.6412,3.08
4.031217,1.4063,11.9716,2.1096,3.54
4.033924,2.2706,11.4762,2.3538,3.82
4.04563,3.1198,10.7766,2.3985,4.14
4.070137,3.138,10.3867,1.8723,3.76
4.070471,2.57,10.9712,1.2893,3.23
4.079402,1.8057,12.1145,1.4342,3.49
4.083134,0.4047,13.3605,1.8501,4.3
4.09591,-0.6272,14.3382,0.3126,4.89
4.114048,-1.2213,13.9726,-2.7034,5.37
4.114312,-1.7858,12.622,-5.4497,6.53
4.130621,-2.44,11.488,-6.697,7.4
4.133212,-2.925,11.0467,-6.7053,7.48
4.146622,-2.972,11.4278,-6.3101,7.24
4.153775,-2.9788,12.239799999999999,-5.6892,6.98
4.164672,-3.1592,12.8905,-4.4046,6.39
4.180725,-2.9249,12.959,-3.0655,5.47
4.183173,-2.028,12.448,-2.2076,4.2
4.196052,-0.8195,11.7457,-1.7368,2.95
4.203818,-0.1788,11.1908,-1.4599,2.24
4.213373,0.2081,10.713799999999999,-1.0978,1.65
4.230408,0.6274,10.2043,-0.6772,1.16
4.233433,0.8359,9.6189,-0.4848,0.97
4.24738,0.9308,9.0589,-0.6227,1.2
4.253755,0.9899,8.4353,-1.0237,1.78
4.263729,0.9005,7.7471,-1.493,2.47
4.279149,0.8721,7.1445,-1.8544,3.12
4.283249,0.8738,6.5586,-2.0111,3.67
4.298098,0.7195,5.9735,-2.0358,4.13
4.30275,0.3147,5.5699000000000005,-1.9276,4.39
4.313038,-0.1723,5.3888,-1.6776,4.44
4.331298,-0.6897,5.529999999999999,-1.2395,4.22
4.333027,-1.3765,6.0390999999999995,-0.8746,3.83
4.348565,-2.045,6.6823,-0.6772,3.55
4.353249,-2.5733,7.3616,-0.623,3.4
4.364409,-2.8064,8.0728,-0.6686,3.22
4.380482,-2.5626,8.8861,-0.6221,2.71
4.382892,-2.157,9.5946,-0.5094,2.22
4.398662,-1.7526,9.9011,-0.4097,1.84
4.403199,-1.1324,9.9357,-0.3505,1.26
4.414406,-0.5759,9.7304,-0.3069,0.69
4.435485,-0.3125,9.3464,-0.1902,0.4
4.435806,-0.1933,8.8935,0.026,0.64
4.447645,-0.1271,8.5319,0.3348,1.03
4.453353,-0.064,8.2948,0.6051,1.35
4.464203,0.0555,8.3043,0.8951,1.49
4.473277,0.1991,8.5215,1.2164,1.57
4.483224,0.3152,8.9295,1.3741,1.52
4.497703,0.2416,9.4531,1.2604,1.28
4.503265,0.0178,10.1208,0.9572,1.14
4.51564,-0.3063,10.9102,0.6123,1.57
4.523132,-0.727,11.661,0.2042,2.29
4.532387,-1.202,12.3513,-0.1291,3.1
4.548999,-1.6135,12.7705,-0.2898,3.66
4.553277,-1.7367,13.073,0.1428,3.98
4.565173,-1.5899,13.2975,1.0375,4.25
4.573249,-1.3679,13.189,2.0087,4.42
4.582721,-1.1131,12.6549,2.6892,4.29
4.599067,-0.9158,11.839,3.0991,3.99
4.602908,-0.6537,10.9658,3.538,3.89
4.615555,-0.2851,10.1488,3.9686,4.03
4.622931,0.3597,9.633,3.655,3.68
4.633476,1.1644,9.7289,2.2833,2.57
4.649053,1.2227,10.7206,1.8626,2.54
4.652588,1.1573,12.7213,3.0307,4.57
4.666518,-0.2771,14.7593,2.7709,5.95
4.672992,-2.5243,14.9657,-0.8654,6.08
4.682624,-3.4907,13.6114,-5.6529,7.81
4.69962,-2.6601,11.9213,-8.1907,8.95
4.702693,-1.1579,10.5332,-8.5519,8.69
4.71679,0.2347,9.7979,-7.6763,7.69
4.72258,1.3117,9.8056,-5.9447,6.1
4.732716,1.8331,10.3669,-3.9057,4.4
4.749189,1.4751,10.8232,-2.7007,3.35
4.752584,0.8936,10.8193,-2.0793,2.62
4.76683,0.5836,10.4886,-1.5663,1.94
4.772663,0.6829,10.1807,-0.9152,1.33
4.784362,0.7186,9.8879,-0.3231,0.88
4.80059,0.4484,9.6582,0.2242,0.53
4.8023,0.0335,9.4619,0.6256,0.63
4.815922,-0.3565,9.3447,0.7607,0.85
4.822145,-0.847,9.1905,0.4685,1.02
4.833418,-1.2828,8.8362,-0.1597,1.45
4.842115,-1.5366,8.331199999999999,-0.75,2.07
4.852196,-1.8786,7.7786,-1.1277,2.79
4.867927,-2.1272,7.3359000000000005,-1.4214,3.35
4.872381,-2.133,7.0665,-1.4433,3.54
4.883701,-1.8767,6.8721,-1.3074,3.48
4.905193,-1.4103,6.7894000000000005,-1.0484,3.23
4.905721,-0.6981,6.8847000000000005,-0.718,2.8
4.915417,0.1709,7.054600000000001,-0.4336,2.49
4.926365,1.0327,7.2851,-0.2061,2.45
4.939901,1.7094,7.5768,-0.1568,2.58
4.941954,1.9782,7.9566,-0.172,2.51
4.959953,1.8581,8.2249,-0.2437,2.27
4.972968,1.5132,8.443,-0.3296,1.88
4.973269,1.0414,8.5729,-0.3322,1.43
4.985941,0.536,8.6687,-0.2333,1.02
4.993441,0.0519,8.7219,-0.0461,0.78
5.002583,-0.3126,8.8498,0.1733,0.74
5.020202,-0.4734,9.036,0.4079,0.78
5.022253,-0.4397,9.2356,0.5385,0.74
5.036388,-0.0398,9.5002,0.5147,0.52
5.041716,0.6326,9.849,0.5209,0.89
5.051997,1.2883,10.2416,0.6992,1.64
5.070087,1.7828,10.6956,0.8792,2.32
5.072642,2.1365,11.1104,0.9754,2.85
5.086213,2.1806,11.4376,0.853,3.04
5.092111,2.0156,11.581900000000001,0.5389,2.95
5.103393,1.991,11.5511,0.0177,2.86
5.119841,2.0632,11.5094,-0.2936,2.89
5.121991,1.8323,11.7829,0.1366,2.93
5.137643,1.5663,12.331,1.1627,3.44
5.1423,1.7495,12.590399999999999,2.2165,4.19
5.154017,2.0355,12.3179,2.8998,4.53
5.170255,2.1426,11.5379,3.2877,4.42
5.172092,2.0346,10.6446,3.6334,4.32
5.186369,1.6882,9.9558,4.1348,4.49
5.192513,0.9775,9.7581,3.4388,3.58
5.202853,0.4555,10.5737,1.5522,1.94
5.219819,-0.2448,12.247399999999999,0.7496,2.86
5.221845,-1.524,14.162600000000001,0.7795,4.97
5.237013,-2.0671,15.3769,-1.0123,6.31
5.242063,-1.5603,14.5177,-4.2524,6.76
5.253434,-0.7112,12.3975,-7.0286,7.64
5.270963,-0.6671,10.6645,-8.1765,8.29
5.271773,-1.1842,9.6405,-7.5407,7.63
5.287069,-1.8299,9.0819,-5.8055,6.1
5.291982,-2.0347,8.9008,-4.1536,4.66
5.303807,-1.6051,8.8502,-3.1973,3.64
5.31193,-0.9108,8.9231,-2.816,3.02
5.321851,-0.2555,9.1984,-2.2298,2.26
5.336353,0.2881,9.5857,-1.2049,1.24
5.341958,0.7442,10.0319,-0.5533,1.07
5.353711,0.726,10.493,-0.5117,1.33
5.36217,0.3757,10.9729,-0.3926,1.57
5.371691,-0.0974,11.2989,-0.2628,1.82
5.388011,-0.6652,11.3383,-0.4631,2.01
5.391905,-0.994,10.9968,-0.8226,1.98
5.404798,-0.9825,10.4421,-1.0668,1.73
5.41199,-0.7913,9.7106,-1.0654,1.34
5.43484,-0.564,8.9515,-1.0484,1.31
5.43523,-0.3095,8.127,-1.1209,1.8
5.442291,-0.0861,7.3327,-1.1131,2.44
5.453333,0.1843,6.696899999999999,-0.9701,2.97
5.461805,0.321,6.2618,-0.697,3.33
5.472898,0.4987,6.0744,-0.3357,3.48
5.488354,0.5343,6.1350999999999996,-0.0573,3.41
5.491811,0.2778,6.424799999999999,-0.0387,3.09
5.505496,-0.1668,6.9703,-0.1668,2.54
5.512018,-0.5178,7.7162,-0.3246,1.89
5.522758,-0.8781,8.3975,-0.5008,1.5
5.538239,-1.1992,9.0155,-0.6202,1.43
5.541796,-1.1114,9.4705,-0.4317,1.19
5.554109,-0.8201,9.6719,-0.176,0.86
5.56259,-0.5683,9.7031,0.1121,0.61
5.571911,-0.4257,9.5739,0.4221,0.6
5.588201,-0.3882,9.3,0.7478,0.87
5.591762,-0.4587,8.9937,1.0802,1.28
5.605647,-0.6399,8.779,1.2526,1.58
5.611843,-0.7685,8.7338,1.4068,1.78
5.621812,-0.7113,8.913499999999999,1.6233,1.87
5.639876,-0.4812,9.384,1.8903,1.95
5.656197,-0.3153,10.5516,1.8659,2.16
5.661489,-0.1848,11.0405,1.7362,2.33
5.673419,0.0039,11.469,1.634,2.56
5.681596,-0.1108,11.7696,1.3184,2.63
5.691521,-0.2699,11.9522,0.8012,2.59
5.706463,-0.3502,12.0245,0.4467,2.59
5.71134,-0.5065,12.1027,0.6942,2.74
5.722756,-0.8443,12.335,1.6001,3.36
5.731671,-1.3675,12.3784,2.4927,4.05
5.740819,-1.7614,12.025500000000001,3.0566,4.34
5.756989,-1.6762,11.424900000000001,3.7378,4.53
5.761362,-1.4195,10.706900000000001,4.5254,4.89
5.775479,-1.1126,9.9933,5.0963,5.24
5.780902,-0.316,9.5675,3.8064,3.82
5.794945,0.2026,9.7709,2.6791,2.7
5.816016,0.6209,10.6679,2.7191,3.02
5.826645,-1.1043,13.2021,0.8513,3.96
5.841779,-3.2755,11.8528,-8.001,8.96
5.859709,-2.3893,11.0622,-9.5162,9.94
5.861916,-1.1405,10.8738,-8.9836,9.16
5.87621,0.0273,11.3473,-7.3609,7.59
5.881479,1.2625,12.0524,-5.579,6.26
5.893241,2.1583,12.4291,-4.0967,5.48
5.909276,2.5198,12.2055,-2.9788,4.75
5.910718,2.6911,11.581900000000001,-2.0197,3.96
5.927496,2.7983,10.8482,-1.2317,3.34
5.930639,2.4549,10.3128,-0.4303,2.62
5.942921,1.5118,9.9228,0.3283,1.6
5.958319,0.5066,9.4332,0.9079,1.04
5.960688,-0.2037,8.743500000000001,1.2722,1.49
5.977635,-0.7402,8.1215,1.2077,1.98
5.981532,-1.3233,7.5588,0.6585,2.44
5.992637,-1.7313,7.0875,-0.1496,2.97
6.010156,-2.0859,6.6695,-0.8548,3.62
6.011213,-2.3071,6.2477,-1.4226,4.23
6.027818,-2.2548,6.0504999999999995,-1.6458,4.44
6.03173,-1.9186,6.1055,-1.6352,4.23
6.044228,-1.3877,6.1887,-1.5469,3.91
6.051124,-0.7146,6.588900000000001,-1.4133,3.31
6.061588,0.1514,7.1861,-1.2589,2.64
6.078443,0.9963,7.9473,-1.0909,2.14
6.080747,1.6342,8.7135,-1.0163,2.08
6.093579,1.9238,9.2641,-0.869,2.12
6.100964,1.933,9.6539,-0.6186,2.04
6.11075,1.7529,9.8343,-0.4193,1.83
6.12811,1.5146,9.7344,-0.3866,1.58
6.131072,1.2127,9.3826,-0.323,1.26
6.145078,0.9633,8.9634,0.0004,1.1
6.150872,0.7058,8.6011,0.5073,1.25
6.16101,0.5135,8.2177,0.8308,1.61
6.177699,0.5386,8.0146,1.0365,1.89
6.181088,0.6271,8.0845,1.314,2.03
6.19514,0.6732,8.434,1.6596,2.08
6.200827,0.7131,8.9774,1.8859,2.08
6.210791,0.6807,9.6328,1.9956,2.11
6.227421,0.7302,10.2663,1.7997,2.09
6.230815,0.9788,10.9902,0.9824,2.04
6.243183,1.0978,11.7439,0.1729,2.5
6.25097,1.0481,12.3459,-0.3741,3.06
6.261057,1.0905,12.5238,-1.0354,3.38
6.277655,0.7288,12.4827,-1.2385,3.31
6.280976,-0.1804,12.721499999999999,-0.5118,3.27
6.293545,-0.4544,12.8921,0.5488,3.47
6.30077,-0.0901,12.671800000000001,1.5167,3.52
6.310861,0.8208,11.962299999999999,2.5591,3.64
6.327691,2.026,10.8322,3.4179,4.19
6.330561,2.654,9.713799999999999,3.9322,4.75
6.344902,2.6231,8.963799999999999,4.165,4.95
6.350747,2.0404,8.7073,3.5735,4.19
6.36057,1.1402,9.4056,1.8098,2.14
6.379687,1.0113,11.0886,0.9772,2.12
6.380026,0.5828,13.0107,1.3678,3.81
6.396091,0.2437,14.4097,-0.0627,4.92
6.400546,0.5269,13.9711,-3.585,5.76
6.413109,1.0868,12.1892,-6.3119,6.95
6.433096,0.9959,10.5242,-7.3898,7.53
6.433452,0.1572,9.9419,-7.1138,7.13
6.445018,-1.1399,10.1598,-5.9927,6.14
6.450314,-2.2598,10.728,-4.8111,5.46
6.461831,-2.8213,11.1613,-3.8312,5.04
6.470898,-2.6045,10.9428,-3.1362,4.32
6.480959,-1.9749,10.4804,-2.4743,3.31
6.497216,-1.2239,10.2384,-1.913,2.39
6.500203,-0.4448,10.163499999999999,-1.3134,1.54
6.513342,0.0453,10.1881,-0.653,0.95
6.520129,0.2261,10.3308,-0.0873,0.87
6.530057,0.1449,10.499,0.2501,1.04
6.546647,-0.1361,10.5836,0.2456,1.12
6.54998,-0.5629,10.4017,-0.0709,1.07
6.562375,-0.8039,10.0408,-0.3647,1.04
6.570111,-0.77,9.5263,-0.4731,0.9
6.581983,-0.6208,8.853,-0.4975,1.03
6.598631,-0.4065,8.0593,-0.5467,1.59
6.600006,-0.2454,7.3647,-0.5795,2.23
6.614763,-0.097,6.7905999999999995,-0.5603,2.77
6.620321,-0.025,6.3167,-0.5711,3.23
6.634895,-0.0611,5.9909,-0.5962,3.56
6.651168,-0.2297,5.8909,-0.6747,3.68
6.651497,-0.4273,6.1716,-0.7569,3.44
6.664288,-0.7277,6.7989,-0.8284,2.92
6.670149,-1.1345,7.4638,-0.9254,2.51
6.682851,-1.5203,8.1819,-0.9718,2.23
6.702056,-1.7526,8.792,-1.0197,2.15
6.702393,-1.8372,9.2067,-0.9306,2.08
6.716735,-1.7661,9.3856,-0.6548,1.89
6.720079,-1.514,9.4453,-0.2248,1.53
6.731856,-1.2535,9.3962,0.282,1.29
6.75011,-1.0692,9.2333,0.7844,1.35
6.750487,-0.9201,9.0066,1.2493,1.63
6.768288,-0.82,8.8189,1.5794,1.91
6.769668,-0.727,8.8214,1.7936,2.05
6.783605,-0.5276,9.0829,1.8472,1.97
6.799914,-0.2488,9.4762,1.7716,1.79
6.800235,0.0668,9.9751,1.6323,1.7
6.815373,0.3257,10.5757,1.4999,1.87
6.819834,0.6327,11.1845,1.4686,2.32
6.834094,0.7868,11.7958,1.3733,2.79
6.83969,0.5515,12.213000000000001,0.9398,2.92
6.851917,-0.0704,12.2714,0.1639,2.78
6.868778,-0.5826,12.1598,-0.2611,2.74
6.869802,-0.7453,12.2965,0.2097,2.9
6.883533,-1.0616,12.5942,1.273,3.51
6.889673,-1.4802,12.6076,2.1015,4.03
6.900159,-1.5397,12.260200000000001,2.7852,4.21
6.91772,-1.3384,11.7111,3.4397,4.3
6.919511,-0.8516,11.0354,4.2053,4.56
6.935457,-0.3689,10.3359,4.0187,4.12
6.939329,0.373,10.0431,2.4816,2.57
6.949461,0.7046,10.5498,1.895,2.28
6.96763,1.2785,11.8627,2.3256,3.55
6.969458,0.732,13.4896,2.0118,4.53
6.982964,-1.3806,13.9783,-0.9976,4.79
6.990196,-2.4266,13.0244,-5.4868,6.96
7.001987,-1.6136,11.8295,-8.7521,9.2
7.015613,-0.36,11.0651,-9.3354,9.47
7.01959,0.3519,10.8372,-7.9993,8.12
7.034469,0.6931,11.0344,-6.0633,6.29
7.039758,1.0503,11.288,-4.3894,4.85
7.053292,1.1693,11.1674,-3.2291,3.82
7.069784,0.9885,10.7275,-2.2202,2.72
7.070176,0.6483,10.1785,-1.5267,1.79
7.085642,0.453,9.6926,-0.9459,1.07
7.089766,0.3396,9.4455,-0.3587,0.5
7.1032,0.1729,9.216,0.1517,0.37
7.120101,0.0053,8.9285,0.4657,0.74
7.12049,-0.1654,8.594899999999999,0.5303,1.06
7.135972,-0.2899,8.4387,0.4259,1.18
7.139694,-0.4733,8.266,0.0514,1.32
7.155308,-0.715,7.9458,-0.5809,1.81
7.171021,-0.6849,7.5509,-1.2063,2.39
7.171452,-0.5718,7.1552,-1.6593,2.93
7.186462,-0.4377,6.9684,-1.6886,3.07
7.189453,-0.3054,6.946899999999999,-1.5142,2.98
7.206019,-0.118,6.8537,-1.4755,3.03
7.209662,0.1911,6.8774,-1.2754,2.92
7.219456,0.6279,7.0781,-0.9224,2.67
7.236675,1.0549,7.4942,-0.4857,2.32
7.239334,1.1978,8.0302,-0.2121,1.91
7.254073,1.2218,8.4511,-0.1107,1.61
7.259326,1.1792,8.7393,0.0038,1.4
7.270398,1.0079,8.9413,0.0248,1.15
7.287665,0.7146,8.9201,-0.0259,0.92
7.289368,0.4224,8.8854,0.0927,0.75
7.302708,0.1485,8.8514,0.3728,0.76
7.309701,0.0289,8.9666,0.6965,0.88
7.319757,-0.0367,9.1277,0.9944,1.06
7.336911,-0.0499,9.2617,1.2025,1.23
7.339283,0.1113,9.5129,1.3499,1.35
7.353331,0.2831,9.8173,1.462,1.52
7.359433,0.5132,10.1548,1.3565,1.59
7.371004,0.7281,10.5538,1.1408,1.72
7.387565,0.8693,11.0313,0.9672,2.01
7.388825,1.075,11.5691,0.5803,2.4
7.405073,1.2899,12.0135,0.2201,2.83
7.40904,1.4339,12.261800000000001,0.2528,3.12
7.431802,1.7774,12.189499999999999,0.377,3.25
7.43226,2.0741,11.8351,0.4949,3.16
7.439198,1.5379,11.6882,0.8975,2.82
7.454124,0.8879,11.8688,1.5501,2.97
7.45888,1.178,11.8467,2.0566,3.34
7.469805,1.9719,11.4313,2.6378,3.82
7.487742,2.7722,10.6182,3.2914,4.45
7.488795,3.0578,9.6998,3.7382,4.83
7.504695,2.7068,8.9347,4.1381,4.98
7.50941,2.0419,8.4014,4.0772,4.69
7.52152,1.3733,8.4195,2.4098,2.98
7.539047,1.0982,9.3579,-0.1085,1.11
7.539387,0.2418,10.7775,-1.1376,1.73
7.554509,-0.9049,12.290099999999999,-2.0396,3.57
7.559132,-1.1919,12.8841,-4.9143,6.08
7.572127,-0.7945,12.5703,-8.0988,8.7
7.579779,0.0283,12.1929,-9.3539,9.73
7.589467,0.4039,12.1332,-8.2689,8.69
7.60608,-0.4487,12.0587,-6.4464,6.95
7.609151,-1.5057,11.8616,-4.9053,5.65
7.622594,-2.0111,11.7426,-3.617,4.71
7.629247,-1.9033,11.5634,-2.449,3.73
7.640613,-1.3143,11.4131,-1.6016,2.82
7.65627,-0.4909,11.2106,-1.0316,2.06
7.65864,0.2372,11.0783,-0.8956,1.83
7.673474,0.5865,10.9782,-0.7445,1.76
7.678872,0.6655,10.8223,-0.5726,1.59
7.689522,0.5472,10.4575,-0.5175,1.22
7.706088,0.2857,9.968,-0.5857,0.8
7.708448,0.1857,9.3515,-0.7134,0.75
7.723397,0.2717,8.7264,-0.7987,1.14
7.729034,0.4201,8.1251,-0.9215,1.71
7.739471,0.5066,7.5600000000000005,-1.0885,2.28
7.756544,0.6397,7.087899999999999,-1.2421,2.79
7.758438,0.5401,6.666,-1.4194,3.22
7.773885,0.3916,6.3423,-1.3911,3.47
7.778818,0.1151,6.0732,-1.3446,3.68
7.790608,-0.2292,5.8893,-1.3602,3.87
7.807255,-0.5933,5.9861,-1.2088,3.76
7.808537,-0.9252,6.5991,-0.9397,3.19
7.824966,-1.1619,7.4181,-0.8575,2.53
7.828976,-1.3835,8.2144,-0.8639,2.08
7.841723,-1.4927,8.8898,-0.9053,1.85
7.858079,-1.551,9.3506,-0.8494,1.77
7.85858,-1.541,9.5743,-0.6648,1.68
7.873292,-1.378,9.603,-0.314,1.42
7.878503,-1.1465,9.5177,0.0836,1.15
7.888722,-0.8735,9.391,0.4928,1.01
7.908426,-0.6671,9.3428,0.8709,1.11
7.909024,-0.461,9.3856,1.0977,1.2
7.922778,-0.1816,9.5484,1.2647,1.28
7.934426,0.0499,9.8261,1.4824,1.52
7.945025,0.1878,10.2252,1.6339,1.8
7.948141,0.2347,10.7126,1.7727,2.16
7.96105,0.3791,11.1767,1.7752,2.47
7.980304,0.4605,11.572,1.5065,2.6
7.980771,0.3013,11.9221,0.7676,2.56
8.001145,0.0947,12.1934,-0.1075,2.7
8.002211,-0.0659,12.351700000000001,-0.7521,2.95
8.026574,-0.1258,12.4911,-0.7176,3.08
8.046313,-0.9172,12.6965,1.5162,3.65
8.046677,-1.7884,12.5109,2.8766,4.53
8.05699,-2.6369,11.8401,3.8896,5.25
8.072917,-2.3445,9.6541,5.4317,5.92
8.077668,-1.4221,8.7268,5.2242,5.47
8.089374,-0.29,8.5255,3.7447,3.88
8.098588,0.0374,9.2963,2.7851,2.79
8.108283,0.5161,11.0792,2.6244,3.11
8.126038,0.623,12.9062,1.4387,3.75
8.127713,-0.2722,13.043800000000001,-2.0716,4.11
8.140982,-1.1005,12.084,-6.4494,7.03
8.148592,-0.9877,10.9391,-9.1453,9.31
8.157922,-0.1602,10.3682,-9.2071,9.25
8.175545,0.8617,10.6914,-7.4938,7.64
8.177714,1.827,11.3188,-5.4957,6.07
8.190603,2.2218,11.8125,-3.8619,5.02
8.198749,1.935,12.2664,-2.5912,4.26
8.208467,1.5481,12.3762,-1.7831,3.72
8.224947,1.4017,12.1169,-1.1399,3.18
8.227729,1.4853,11.7644,-0.6151,2.78
8.241997,1.5553,11.3589,-0.3556,2.45
8.257978,0.6576,10.1962,-0.4705,1.07
8.262815,0.0024,9.5108,-0.3801,0.38
8.276051,-0.6203,8.7287,-0.3479,1.05
8.282668,-1.3226,7.9129000000000005,-0.5338,2.13
8.292785,-1.7108,7.1861,-0.8449,3.0
8.309407,-1.9005,6.5423,-1.0968,3.68
8.313479,-1.9602,6.0244,-1.2464,4.18
8.326329,-1.7493,5.711399999999999,-1.1923,4.34
8.332579,-1.293,5.6056,-1.0537,4.24
8.342821,-0.5744,5.7132000000000005,-0.9108,3.94
8.360261,0.239,6.0433,-0.6952,3.53
8.362453,1.1787,6.7986,-0.4052,2.98
8.375703,2.0184,7.6369,-0.3974,2.78
8.382607,2.3673,8.3841,-0.7437,2.72
8.393044,2.4218,8.8922,-1.114,2.73
8.409479,2.2727,9.1917,-1.2124,2.59
8.413107,1.9641,9.2094,-1.1612,2.3
8.435996,1.4822,8.9521,-1.08,1.91
8.436395,1.0095,8.5998,-0.8385,1.59
8.444415,0.6869,8.3065,-0.4077,1.44
8.460439,0.5422,8.0293,0.0676,1.57
8.462239,0.5376,7.8845,0.5106,1.78
8.47726,0.6084,7.9534,0.8629,1.87
8.482874,0.6762,8.2222,1.1149,1.83
8.493874,0.8038,8.7991,1.2191,1.62
8.510725,0.9384,9.641,1.3,1.61
8.512268,1.0458,10.6099,1.3485,2.04
8.5285,1.2937,11.7156,1.1436,2.81
8.532447,1.3979,12.5912,0.7887,3.48
8.543686,1.3252,13.0508,0.5363,3.83
8.552973,1.4568,13.1652,0.1644,3.95
8.562333,1.2747,13.1723,-0.129,3.89
8.57837,0.2999,13.3965,0.3362,3.92
8.582802,-0.4449,13.4456,1.36,4.2
8.594635,-0.2246,12.9543,2.2731,4.14
8.602768,0.5713,12.0679,2.8902,3.91
8.612716,1.6668,10.9831,3.3895,4.06
8.62815,2.3865,10.0506,3.7351,4.47
8.632659,2.5574,9.5041,3.0111,3.95
8.646237,2.7624,9.8593,1.8663,3.35
8.652195,2.6405,11.2615,2.0689,3.79
8.663732,1.3756,12.9408,2.3838,4.41
8.681449,0.2078,14.1603,0.4248,4.68
8.69063,0.1107,14.0976,-3.2152,5.61
8.699275,0.5402,12.5778,-6.3923,7.12
8.70258,0.3384,11.0786,-8.0741,8.23
8.712628,-0.6577,10.3719,-8.0678,8.14
8.729041,-1.7965,10.2362,-6.7228,7.0
8.732401,-2.437,10.6116,-4.9213,5.6
8.747156,-2.6114,11.1527,-3.1717,4.43
8.752598,-2.2034,11.3863,-2.1556,3.61
8.762803,-1.2064,11.303,-1.9213,2.9
8.780427,-0.1237,11.0061,-1.8188,2.36
8.782205,0.6998,10.6391,-1.35,1.9
8.796496,1.0633,10.3734,-0.8661,1.63
8.801906,1.0681,10.0917,-0.6929,1.4
8.812724,0.771,9.8588,-0.6593,1.08
8.829425,0.1807,9.7404,-0.7136,0.77
8.832023,-0.5509,9.6174,-0.7883,0.97
8.847065,-1.1561,9.4249,-0.8295,1.42
8.852405,-1.6126,9.0621,-0.7885,1.85
8.864294,-1.7681,8.5765,-0.7255,2.12
8.881619,-1.5846,7.9739,-0.6665,2.3
8.882002,-1.2034,7.3628,-0.613,2.53
8.899099,-0.7959,6.864,-0.4852,2.8
8.902327,-0.4432,6.459099999999999,-0.3943,3.1
8.915582,-0.1787,6.2471,-0.3151,3.27
8.932515,-0.0911,6.359500000000001,-0.1376,3.14
8.932997,0.0426,6.7036,0.0116,2.8
8.948768,0.0273,7.1137,0.0566,2.39
8.952035,-0.171,7.5541,-0.2153,1.97
8.965299,-0.3991,8.1024,-0.3882,1.5
8.973273,-0.6657,8.5601,-0.4442,1.23
8.983123,-0.9566,8.779,-0.4232,1.27
8.99769,-1.1571,8.8706,-0.2921,1.35
9.002094,-1.3249,8.8683,-0.0942,1.47
9.01682,-1.4236,8.7017,0.1971,1.64
9.022033,-1.4115,8.3573,0.4848,1.88
9.032621,-1.4705,8.098,0.7471,2.16
9.050218,-1.5098,7.9641,0.9498,2.35
9.051753,-1.2921,7.9005,1.0937,2.33
9.064226,-0.8952,7.9956,1.2731,2.16
9.071763,-0.5192,8.2614,1.4143,1.95
9.081919,-0.2022,8.818,1.5024,1.66
9.098251,0.0612,9.7039,1.5735,1.59
9.101934,0.1476,10.9022,1.4769,2.04
9.117218,-0.012,12.0912,1.1106,2.82
9.121704,-0.2686,13.0879,0.5287,3.64
9.136469,-0.3195,13.7631,0.0799,4.28
9.151257,-0.08,14.223600000000001,0.1651,4.73
9.15173,0.0891,14.5091,0.8506,5.08
9.16692,-0.155,14.398900000000001,1.59,5.15
9.172172,-0.6091,13.7081,2.2181,4.8
9.184479,-1.0046,12.5526,2.8777,4.31
9.192222,-1.3218,11.394400000000001,3.8542,4.49
9.202221,-1.3654,10.2799,4.8908,5.14
9.218312,-1.0189,9.4061,4.9931,5.1
9.221911,-0.7676,9.0976,3.8337,3.93
9.235174,-1.09,9.7388,3.4223,3.6
9.253698,-0.9032,11.5482,3.5199,4.17
9.254284,-1.3267,13.0054,1.8523,4.18
9.271721,-2.395,12.895900000000001,-2.6112,4.91
9.272261,-2.9739,12.1734,-6.8434,7.93
9.281952,-2.8593,11.4991,-8.6619,9.34
9.302276,-1.6614,10.7197,-8.683,8.92
9.302662,0.1826,10.2269,-7.3051,7.34
9.315525,1.8236,10.4869,-5.3133,5.7
9.332431,2.5501,11.0681,-3.765,4.81
9.333008,2.3642,11.535,-2.6933,4.12
9.347914,2.0686,11.860199999999999,-1.9909,3.72
9.362279,1.895,11.8529,-1.415,3.34
9.362709,1.7238,11.6366,-0.842,2.87
9.374114,1.4567,11.3698,-0.4152,2.41
9.392159,0.842,11.0253,-0.1749,1.75
9.392723,0.0747,10.487,-0.0518,0.99
9.412084,-0.6165,9.8976,0.0622,0.74
9.412663,-1.2439,9.448,0.1326,1.25
9.434081,-1.7754,8.9632,-0.0267,1.85
9.434597,-2.2543,8.2795,-0.5157,2.61
9.441254,-2.3464,7.5164,-0.9751,3.22
9.453122,-2.1766,6.7641,-1.178,3.69
9.470072,-1.7952,6.1366,-1.2004,4.0
9.471231,-1.3263,5.66,-1.0312,4.19
9.485504,-0.6761,5.4286,-0.8599,4.22
9.491163,0.021,5.3832,-0.6641,4.17
9.502088,0.8426,5.699,-0.3641,3.91
9.519051,1.6186,6.3038,-0.0916,3.58
9.521046,2.1406,6.8614999999999995,-0.0506,3.4
9.536,2.415,7.3781,-0.2049,3.22
9.541457,2.5925,7.8087,-0.4086,3.12
9.551756,2.5101,8.2895,-0.565,2.84
9.569375,2.2116,8.6951,-0.7191,2.46
9.571037,1.84,8.9574,-0.6399,2.02
9.58629,1.4448,9.1282,-0.3099,1.52
9.591577,1.0579,9.1891,0.1968,1.12
9.603341,0.6955,9.2159,0.6843,1.02
9.619967,0.4144,9.0902,0.9776,1.14
9.620969,0.2228,8.9323,1.1574,1.31
9.637315,0.0704,8.7849,1.2022,1.4
9.641455,-0.0913,8.855,1.2981,1.45
9.653296,-0.066,9.2309,1.3415,1.37
9.661915,0.2199,9.9769,1.2904,1.39
9.671457,0.6703,11.0201,1.3036,2.11
9.685932,1.0632,12.0391,1.3786,3.08
9.691126,1.3007,12.6791,1.1633,3.63
9.702393,1.2705,13.004100000000001,0.6145,3.78
9.71137,0.7223,13.2988,0.3042,3.88
9.72107,-0.0236,13.5418,0.6429,4.09
9.736797,-0.0565,13.306799999999999,1.2878,4.02
9.742464,0.7406,12.5434,2.1737,3.81
9.754317,1.9333,11.5684,3.0953,4.19
9.761287,2.8673,10.7007,3.8786,4.97
9.77198,3.0858,10.0636,4.3736,5.38
9.788143,2.8032,9.6091,3.9222,4.82
9.791077,2.5973,9.8322,1.6412,3.09
9.804616,2.3857,10.9713,0.0323,2.8
9.811082,1.0784,12.5046,0.324,3.21
9.822014,-0.72,13.469899999999999,-0.5191,4.07
9.839005,-1.5472,12.8387,-3.6531,5.19
9.840566,-0.9261,11.2175,-6.6848,6.96
9.855054,-0.1725,10.2225,-7.9899,8.02
9.861379,-0.381,10.1877,-7.3832,7.42
9.872081,-1.387,10.5585,-6.0377,6.28
9.888118,-2.2254,11.0664,-4.8988,5.6
9.891241,-2.6324,11.5108,-3.9436,5.15
9.905465,-2.3159,11.648,-3.0558,4.39
9.911056,-1.3373,11.5337,-2.2058,3.28
9.921809,-0.1912,11.3523,-1.4511,2.36
9.938141,0.7621,11.1682,-0.9134,2.05
9.946168,1.4385,10.9869,-0.6325,2.16
9.957148,1.5975,10.935,-0.3705,2.18
9.960539,1.2757,10.907399999999999,-0.1874,1.91
9.973056,0.8466,10.7836,-0.2035,1.55
9.994367,0.4878,10.5105,-0.4639,1.21
9.995302,0.1885,10.0525,-0.8375,1.02
10.004772,0.065,9.426,-1.1528,1.16
10.011654,0.2071,8.7072,-1.3111,1.55
10.022297,0.3257,8.0059,-1.3988,2.07
10.037333,0.3146,7.268800000000001,-1.3568,2.63
10.040225,0.2477,6.5507,-1.2104,3.2
10.054364,0.038,5.977399999999999,-0.9681,3.65
10.060289,-0.2467,5.5721,-0.6942,4.0
10.070794,-0.5884,5.4533,-0.2619,4.1
10.080422,-0.8657,5.8172,0.1708,3.79
10.090325,-1.1739,6.4605999999999995,0.3915,3.28
10.10547,-1.3833,7.1424,0.452,2.77
10.110484,-1.5727,7.7889,0.365,2.35
10.12123,-1.776,8.344100000000001,0.1064,2.12
10.130187,-1.9708,8.8194,-0.1002,2.09
10.14012,-1.9934,9.0694,-0.2439,2.05
10.157848,-1.9128,9.0586,-0.3038,1.99
10.160324,-1.7921,8.8702,-0.1471,1.91
10.174362,-1.6444,8.5968,0.1485,1.88
10.18055,-1.374,8.338000000000001,0.5876,1.89
10.190487,-0.8943,8.2441,1.0444,1.86
10.206306,-0.3748,8.3303,1.5105,1.95
10.210701,0.0816,8.6258,1.8852,2.08
10.224416,0.4321,9.1128,2.1639,2.24
10.23081,0.6035,9.8079,2.3542,2.45
10.240823,0.6373,10.6942,2.4193,2.77
10.259071,0.544,11.569700000000001,2.0223,2.94
10.260088,0.1658,12.2664,1.1987,3.02
10.275333,-0.2242,12.7581,0.3471,3.28
10.281759,-0.3858,13.21,-0.0446,3.73
10.291301,-0.4489,13.5931,0.225,4.12
10.308504,-0.7026,13.8569,0.8993,4.5
10.310487,-1.1195,13.6593,1.6194,4.6
10.324734,-1.4328,12.8942,2.3632,4.38
10.330614,-1.3998,11.9537,3.3004,4.34
10.341326,-1.0967,10.9738,4.3263,4.7
10.358881,-0.6772,9.9723,5.217,5.28
10.360397,-0.239,9.0029,5.3691,5.4
10.375155,0.6063,8.589,3.6942,3.85
10.380261,0.6923,9.1307,1.8077,1.97
10.392341,0.7779,10.6951,1.6319,2.17
10.407146,0.6014,13.0573,2.0225,4.14
10.410027,-1.5775,13.983799999999999,-0.9218,4.84
10.432108,-3.676,12.7864,-5.9318,7.71
10.432522,-3.6952,11.3593,-9.0549,9.96
10.442073,-2.4731,10.738,-9.2269,9.63
10.458848,-1.0225,10.912700000000001,-7.9879,8.18
10.460092,0.372,11.471,-5.9974,6.32
10.479641,1.0854,12.0781,-4.296,5.13
10.480259,1.2982,12.1822,-3.3398,4.48
10.494316,1.491,11.6736,-2.6615,3.75
10.501338,1.8,10.9716,-2.1298,3.15
10.520084,2.1778,10.4087,-1.7884,2.96
10.523041,2.3065,10.0401,-1.2486,2.68
10.533115,1.9448,9.6427,-0.6952,2.07
10.546515,1.5255,9.1378,-0.2415,1.59
10.550023,1.1575,8.7627,0.1676,1.38
10.560549,0.6974,8.5451,0.3166,1.22
10.57625,-0.0552,8.1445,0.0542,1.36
10.58012,-0.6878,7.6504,-0.3605,2.01
10.596589,-1.2525,7.1358,-0.8636,2.81
10.60015,-1.7552,6.7067,-1.1719,3.5
10.610456,-1.9258,6.4356,-1.1297,3.79
10.627041,-1.7466,6.3073999999999995,-0.8964,3.75
10.630389,-1.3455,6.3357,-0.6317,3.5
10.644549,-0.6835,6.5987,-0.3998,3.01
10.650218,-0.1395,7.1224,-0.1516,2.39
10.660562,0.3235,7.8389,-0.0952,1.69
10.677966,0.715,8.3734,-0.2366,1.36
10.679589,0.8373,8.7349,-0.3781,1.2
10.695526,0.8266,9.018,-0.4026,1.04
10.700036,0.7153,9.0388,-0.4398,0.96
10.711927,0.5413,8.8708,-0.4047,0.92
10.728038,0.4286,8.7196,-0.1436,0.9
10.729478,0.3981,8.604800000000001,0.2912,1.02
10.744418,0.4332,8.5521,0.742,1.28
10.750295,0.4875,8.637,1.1382,1.51
10.761017,0.5869,8.8889,1.436,1.67
10.778214,0.6352,9.2962,1.515,1.66
10.77935,0.7025,9.8541,1.451,1.65
10.79551,0.745,10.4875,1.3066,1.8
10.799683,0.8221,11.2407,1.0381,2.19
10.811833,0.9029,12.001100000000001,0.7793,2.77
10.820107,0.986,12.5212,0.6197,3.24
10.830561,1.0736,12.5342,0.4072,3.24
10.844966,1.0925,12.2573,0.1269,2.97
10.849926,0.8615,12.1226,0.0946,2.76
10.862343,0.2292,12.397400000000001,0.6532,2.98
10.869997,0.1241,12.5739,1.2824,3.33
10.879671,0.797,12.2942,1.7302,3.38
10.896089,1.5866,11.6584,2.1157,3.41
10.899618,2.3311,10.8665,2.5015,3.68
10.912529,2.7621,10.0928,2.6325,3.86
10.919638,2.2611,9.97,1.6998,2.87
10.93079,1.7504,10.882,0.5224,2.29
10.945281,1.0181,12.063600000000001,0.4691,2.8
10.951392,-0.287,12.9915,0.6361,3.56
10.961816,-1.0052,12.9778,-1.2498,3.83
10.96952,-0.8987,11.5391,-4.0982,4.66
10.97911,-0.5643,10.0259,-5.7953,5.85
10.994865,-0.8386,9.4105,-5.9775,6.04
10.999074,-1.7837,9.4518,-5.1928,5.49
11.012396,-2.7569,9.9218,-4.252,5.09
11.01929,-2.9867,10.5548,-3.5164,4.73
11.02976,-2.7179,10.9974,-2.9464,4.28
11.049397,-2.0745,11.1129,-2.3601,3.53
11.049986,-0.972,11.144400000000001,-1.5006,2.43
11.065942,0.2259,11.0892,-0.6775,1.74
11.069914,1.2242,11.0147,-0.1119,1.95
11.083704,1.6895,10.8298,0.0993,2.15
11.102553,1.5981,10.7029,0.0763,2.0
11.102975,1.1323,10.612,-0.0196,1.59
11.116512,0.412,10.4594,-0.1573,1.06
11.118897,-0.2607,10.1902,-0.4219,0.85
11.130338,-0.7474,9.7931,-0.685,1.06
11.147477,-0.947,9.2086,-0.9447,1.37
11.149092,-0.7638,8.479,-1.157,1.72
11.164731,-0.4812,7.7382,-1.2431,2.21
11.169238,-0.2748,7.1025,-1.2399,2.71
11.180764,-0.1545,6.6114,-1.0621,3.08
11.1978,-0.0718,6.2844999999999995,-0.7207,3.3
11.199203,-0.0758,6.167,-0.3605,3.35
11.214223,-0.1157,6.2448999999999995,-0.0707,3.26
11.219227,-0.2823,6.5159,0.0444,3.0
11.231083,-0.6504,7.065799999999999,0.0582,2.52
11.239434,-0.9828,7.7463999999999995,0.0028,2.01
11.250447,-1.2827,8.3191,-0.1566,1.75
11.264499,-1.4738,8.8001,-0.3513,1.67
11.269505,-1.5859,9.0698,-0.331,1.68
11.283097,-1.6612,9.2397,-0.25,1.7
11.289435,-1.683,9.2785,0.0014,1.7
11.298669,-1.6799,9.2639,0.3846,1.74
11.315309,-1.7327,9.183,0.7605,1.92
11.319241,-1.7701,9.1204,1.1721,2.16
11.332632,-1.6804,9.1831,1.5736,2.32
11.339172,-1.4766,9.3577,1.9533,2.45
11.349128,-0.9867,9.665,2.2794,2.49
11.367048,-0.5477,10.0602,2.5457,2.66
11.369138,-0.2074,10.4803,2.613,2.8
11.381622,0.251,10.8805,2.5745,2.93
11.389232,0.5922,11.2053,2.2474,2.88
11.400546,0.7102,11.3796,1.4731,2.49
11.416445,0.7053,11.492799999999999,0.72,2.23
11.433836,0.6504,11.6907,0.4243,2.32
11.434381,0.3897,12.144,0.646,2.75
11.439077,-0.0838,12.5467,1.1762,3.27
11.449523,-0.5095,12.4922,1.8092,3.53
11.467627,-0.7212,12.0656,2.3826,3.57
11.468615,-0.6309,11.4991,3.003,3.66
11.483975,-0.4044,10.899000000000001,3.4963,3.79
11.489208,0.2301,10.4597,2.5565,2.74
11.499787,0.8724,10.7359,1.5173,2.14
11.516805,1.1835,11.6197,1.4646,2.84
11.518542,1.4138,13.0908,1.7433,4.23
11.533351,-0.1212,13.9267,0.1265,4.43
11.53833,-1.8586,12.6737,-4.0589,5.48
11.549744,-2.0538,10.9308,-7.5716,7.97
11.569254,-1.4248,10.1572,-8.3748,8.52
11.569833,-0.7406,10.048,-7.5031,7.56
11.587106,-0.0194,10.3625,-6.2054,6.27
11.589271,0.952,10.9591,-4.779,5.09
11.603398,1.6009,11.4823,-3.3204,4.19
11.608465,1.6653,11.7085,-2.198,3.53
11.62039,1.5898,11.761800000000001,-1.2618,3.04
11.64299,1.6584,11.754,-0.4298,2.83
11.643469,1.8027,11.6939,0.2201,2.85
11.65561,1.5404,11.3123,0.6064,2.45
11.658532,0.8322,10.7148,0.6243,1.6
11.668626,0.0787,9.9516,0.4319,0.63
11.685446,-0.4151,9.1912,0.2182,0.56
11.688467,-0.9635,8.4511,-0.035,1.42
11.703913,-1.1843,7.7739,-0.2787,2.11
11.708323,-1.307,7.1407,-0.5546,2.75
11.719299,-1.4659,6.462400000000001,-0.8395,3.48
11.73563,-1.5486,5.8708,-0.8782,4.04
11.738669,-1.4746,5.464,-0.773,4.37
11.752678,-1.0349,5.2094,-0.6548,4.46
11.75853,-0.1865,5.2322,-0.4141,4.29
11.768536,0.7453,5.6151,-0.1045,3.96
11.785882,1.7002,6.4127,0.1543,3.53
11.788228,2.4165,7.3053,0.2367,3.27
11.803756,2.6476,8.161200000000001,0.1537,2.97
11.808507,2.5158,8.8431,-0.0073,2.6
11.818691,2.1455,9.2099,-0.2101,2.18
11.835707,1.6281,9.2361,-0.2502,1.67
11.838173,1.1496,8.9949,-0.0233,1.26
11.852545,0.8449,8.5944,0.2558,1.26
11.858562,0.6668,8.098700000000001,0.4415,1.61
11.869386,0.5841,7.6651,0.6061,2.02
11.886905,0.5204,7.412599999999999,0.7854,2.29
11.888101,0.2791,7.4818999999999996,0.8663,2.21
11.903093,0.0416,7.9538,0.8026,1.74
11.908819,0.0248,8.8715,0.8896,1.09
11.919863,0.2536,10.1846,1.1746,1.38
11.938115,0.6346,11.6647,1.4783,2.7
11.938551,0.8467,12.9634,1.4449,3.85
11.954072,0.8036,13.7362,1.034,4.43
11.960692,0.4846,13.9872,0.5401,4.55
11.96942,0.2031,14.0535,0.347,4.57
11.978178,0.1944,13.9755,0.658,4.53
11.988132,0.7315,13.646799999999999,1.3014,4.41
12.005941,1.4301,12.9072,2.2047,4.3
12.008543,2.0459,11.8741,3.1702,4.46
12.021304,2.3312,10.824300000000001,4.0485,4.86
12.028389,2.1952,9.9777,4.6781,5.19
12.038057,1.8922,9.5037,4.4992,4.88
12.052925,1.5238,9.952,2.7638,3.19
12.058539,1.5209,11.2089,1.3372,2.65
12.07036,1.4662,12.7053,1.1287,3.7
12.07938,1.5928,13.8085,-0.2283,4.6
12.089906,2.0007,13.5778,-3.0405,5.47
12.107374,2.0324,12.2634,-5.6889,6.64
12.108288,1.3256,10.9084,-7.5893,7.83
12.125033,0.0425,10.3954,-7.9456,8.0
12.127905,-1.6389,10.6518,-6.8222,7.11
12.141835,-2.9385,11.2389,-5.2457,6.26
12.158291,-3.396,11.5984,-3.9921,5.65
12.158764,-3.0402,11.5275,-2.8631,4.64
12.174579,-2.2698,11.1679,-1.8679,3.38
12.178019,-1.1023,10.6958,-1.1216,1.98
12.189337,0.1862,10.2465,-0.5456,0.94
12.206,1.0696,9.9124,-0.1745,1.16
12.207699,1.6685,9.6585,0.1047,1.68
12.223821,1.8986,9.5741,-0.1125,1.9
12.228388,1.6441,9.6324,-0.7708,1.82
12.240171,1.0736,9.772,-1.5375,1.89
12.257163,0.4824,9.8616,-1.9263,2.02
12.257637,-0.0002,9.764,-1.8063,1.83
12.273386,-0.231,9.4199,-1.4056,1.43
12.278153,-0.3088,8.8848,-0.9501,1.17
12.29058,-0.3594,8.1333,-0.6059,1.54
12.306719,-0.4044,7.4399,-0.4764,2.15
12.307694,-0.5034,6.9193,-0.4857,2.67
12.32537,-0.7005,6.5319,-0.4942,3.09
12.327864,-0.8934,6.2122,-0.4811,3.44
12.341729,-1.0976,6.172499999999999,-0.2718,3.51
12.358709,-1.2748,6.3263,0.0202,3.42
12.359164,-1.4324,6.5920000000000005,0.3201,3.26
12.3743,-1.5342,7.0230999999999995,0.5649,2.97
12.377724,-1.6486,7.4538,0.7209,2.72
12.392133,-1.6752,7.7828,0.6844,2.49
12.398011,-1.5442,7.8931000000000004,0.6392,2.32
12.4101,-1.354,7.9456,0.6964,2.18
12.426092,-1.1832,8.0397,0.9061,2.09
12.442483,-1.0689,8.1995,1.1631,2.05
12.443013,-0.9554,8.3417,1.3022,1.99
12.44805,-0.7252,8.5545,1.3791,1.82
12.460987,-0.5246,8.8988,1.4242,1.63
12.474743,-0.238,9.3773,1.6597,1.68
12.47739,0.053,9.9279,1.9412,1.99
12.489614,0.4233,10.5333,2.0693,2.35
12.497277,0.5118,11.1237,1.9971,2.62
12.507399,0.4064,11.6604,1.7618,2.82
12.522597,0.152,12.137,1.5544,3.06
12.528566,-0.3411,12.485,1.1573,3.22
12.541491,-0.9971,12.6023,0.6466,3.32
12.547491,-1.18,12.5539,0.4524,3.31
12.55989,-0.8483,12.5452,0.8817,3.28
12.57695,-0.8234,12.5735,1.6882,3.6
12.577611,-1.0928,12.513,2.4582,4.04
12.598401,-1.2806,12.1754,3.0987,4.29
12.599707,-1.2718,11.5825,4.0239,4.71
12.614012,-1.1189,10.7843,4.8215,5.11
12.627713,-0.659,9.9386,4.2212,4.29
12.628132,0.0712,9.7316,1.8921,1.91
12.641796,-0.0546,10.7564,0.5971,1.39
12.647333,0.1833,13.1171,1.6786,3.99
12.658617,-0.3852,15.290199999999999,1.951,6.12
12.677538,-2.5517,14.6401,-2.0611,6.1
12.678015,-3.4262,12.3704,-7.0337,8.33
12.693432,-2.3274,10.4103,-9.4771,9.8
12.69701,-0.5138,9.2895,-9.2714,9.29
12.709366,0.8689,9.2681,-7.3587,7.41
12.725828,1.6399,9.895,-4.9169,5.2
12.727526,1.9717,10.3563,-3.2038,3.86
12.741622,1.7752,10.549,-2.2385,3.04
12.747243,1.4308,10.6182,-1.5001,2.36
12.759129,1.2417,10.492,-0.8616,1.81
12.767426,1.2953,10.4356,-0.2929,1.62
12.777343,1.283,10.428,0.235,1.6
12.792203,0.8981,10.288499999999999,0.5112,1.3
12.797194,0.1937,10.0765,0.6465,0.89
12.811732,-0.5231,9.8592,0.692,0.94
12.817403,-1.2238,9.5284,0.6071,1.37
12.827585,-1.833,9.1009,0.2255,1.89
12.843046,-2.23,8.5758,-0.3142,2.43
12.847369,-2.2502,7.8776,-0.8631,2.91
12.861346,-2.018,7.208,-1.1684,3.27
12.86697,-1.7555,6.6064,-1.217,3.6
12.87707,-1.312,6.0568,-1.0851,3.84
12.894323,-0.7108,5.8259,-0.6681,3.8
12.898283,-0.0864,6.0212,-0.2233,3.49
12.910105,0.564,6.5230999999999995,0.0573,3.03
12.917078,1.0692,7.0751,0.1351,2.65
12.926822,1.4055,7.6683,0.1271,2.31
12.944448,1.6662,8.186399999999999,0.1231,2.13
12.946896,1.681,8.4896,0.0855,1.96
12.960126,1.4386,8.5779,-0.0895,1.71
12.966741,1.1158,8.5094,-0.2234,1.51
12.986755,0.3557,8.3294,0.2012,1.24
12.997121,-0.0068,8.2878,0.7927,1.45
13.010355,-0.244,8.344899999999999,1.3568,1.8
13.0178,-0.3188,8.41,1.7387,2.08
13.026583,-0.1899,8.4972,1.785,2.06
13.043649,-0.003,8.6829,1.7218,1.91
13.047165,0.3143,9.1749,1.6273,1.69
13.061381,0.7246,9.9961,1.5298,1.76
13.067607,0.9642,11.0303,1.3169,2.24
13.077914,1.0369,11.9412,0.9989,2.83
13.098264,1.0735,12.418800000000001,0.5423,3.16
13.11374,0.8928,12.7049,-0.0489,3.33
13.132108,0.5926,13.418099999999999,1.4285,4.21
13.140801,1.2485,13.2324,2.1991,4.51
13.151477,2.1022,12.5274,2.694,4.57
13.168952,2.7779,11.6878,3.0583,4.68
13.181235,2.4994,10.4311,2.6934,3.79
13.198134,1.6465,12.3097,0.3664,3.28
13.212287,0.3128,13.5154,1.5444,4.31
13.216325,-0.4739,13.9516,0.123,4.48
13.229402,-0.2043,12.619299999999999,-3.3785,4.6
13.238202,0.2103,10.7415,-5.5196,5.66
13.248657,-0.0575,9.5022,-6.4082,6.41
13.267621,-0.8435,9.017900000000001,-6.4519,6.52
13.268288,-1.9607,9.1747,-5.5446,5.89
13.281681,-2.8174,9.8873,-4.1647,5.04
13.2866,-2.954,10.4454,-2.9379,4.27
13.297586,-2.3775,10.6006,-1.9627,3.27
13.314088,-1.383,10.4366,-1.2618,2.09
13.317614,-0.1819,10.2499,-0.5777,0.96
13.337262,0.8577,10.1804,0.0008,1.09
13.339922,1.3929,10.1205,0.4116,1.58
13.353063,1.5023,10.1118,0.6597,1.75
13.367976,1.3223,10.0928,0.5277,1.54
13.368442,0.8708,10.1234,0.0382,1.07
13.384521,0.3543,9.9889,-0.5482,0.82
13.386457,-0.1142,9.6337,-1.0682,1.08
13.400006,-0.368,9.098,-1.4106,1.51
13.415727,-0.4609,8.501,-1.4761,1.84
13.416328,-0.3863,7.8690999999999995,-1.3083,2.13
13.438789,-0.411,7.285,-1.0445,2.48
13.449622,-0.6532,6.554399999999999,-0.3483,3.04
13.465877,-0.8451,6.3954,-0.1303,3.22
13.480961,-1.4919,6.7620000000000005,0.0087,3.12
13.485986,-1.6976,7.2862,0.0436,2.79
13.49677,-1.782,7.8086,-0.0273,2.46
13.506041,-1.8662,8.3052,-0.1421,2.22
13.51604,-1.7416,8.7016,-0.115,1.92
13.531478,-1.5413,8.8872,0.0186,1.66
13.536086,-1.3025,8.8551,0.1735,1.46
13.548206,-1.0884,8.6835,0.3146,1.4
13.556086,-0.972,8.5281,0.5721,1.49
13.565969,-0.9127,8.4527,0.9432,1.68
13.580699,-0.7974,8.4876,1.2869,1.82
13.586031,-0.6293,8.6692,1.5526,1.87
13.598149,-0.3234,9.0772,1.6454,1.73
13.60591,0.1005,9.6294,1.8283,1.84
13.61594,0.4571,10.2388,2.0428,2.22
13.631438,0.6971,10.938,2.0198,2.58
13.636,0.764,11.5384,1.9244,2.91
13.649674,0.5684,12.0303,1.6928,3.1
13.656141,-0.0573,12.3788,1.3058,3.16
13.666048,-0.9416,12.4916,0.6069,3.19
13.683022,-1.3696,12.4456,0.1024,3.25
13.686708,-1.3026,12.4863,0.3679,3.28
13.699274,-1.1953,12.5572,1.1773,3.49
13.706173,-1.3348,12.3232,2.018,3.72
13.716324,-1.4194,11.735,2.7738,3.83
13.733751,-1.3371,11.0287,3.3793,3.94
13.73552,-0.9222,10.386,3.6314,3.85
13.750445,0.0036,10.1165,2.2498,2.33
13.756059,0.3848,10.7664,1.4166,1.94
13.7671,1.0785,12.446200000000001,2.1114,3.78
13.783449,1.3981,14.525500000000001,2.7176,5.88
13.78595,-0.827,14.8332,0.2842,5.4
13.800972,-3.056,13.2235,-3.9597,6.24
13.806179,-3.5632,11.4444,-6.5383,7.7
13.818702,-2.7298,10.1785,-6.7557,7.32
13.83549,-1.4951,9.4622,-5.6606,5.85
13.836029,-0.6791,9.3711,-4.345,4.4
13.850725,-0.0861,9.7242,-3.3083,3.32
13.856255,0.3101,10.0783,-2.5614,2.64
13.867653,0.3373,10.3796,-1.8611,2.09
13.884703,0.179,10.557500000000001,-1.2866,1.68
13.88576,0.3671,10.7101,-0.8639,1.53
13.901842,0.9829,10.9412,-0.3168,1.77
13.905689,1.5705,11.197,0.1678,2.32
13.918446,1.7692,11.2716,0.5105,2.56
13.926144,1.4982,11.1537,0.7156,2.34
13.935939,0.8727,10.8429,0.8309,1.8
13.952416,0.0439,10.2037,0.6844,0.98
13.955942,-0.5763,9.3353,0.3074,0.67
13.968075,-1.0263,8.3544,-0.0129,1.54
13.975658,-1.3287,7.4229,-0.2247,2.48
13.985376,-1.6491,6.5396,-0.3984,3.41
14.005009,-1.8654,5.8596,-0.4874,4.12
14.005686,-1.7697,5.4777,-0.2999,4.4
14.020355,-1.3352,5.4259,0.0079,4.29
14.025493,-0.7726,5.755,0.3395,3.84
14.036608,-0.1666,6.3688,0.5471,3.18
14.061177,0.5367,7.1493,0.553,2.47
14.075465,1.7061,8.4194,0.1609,2.03
14.090281,2.1726,8.8406,0.0309,2.27
14.105651,1.9901,8.7903,0.1744,2.12
14.106216,1.7305,8.6411,0.4703,1.99
14.121853,1.4804,8.4247,0.8096,2.0
14.125347,1.2465,8.181000000000001,1.1131,2.13
14.138034,0.9102,7.9327000000000005,1.3174,2.24
14.153933,0.5568,7.7297,1.5341,2.41
14.155396,0.2694,7.7019,1.7486,2.52
14.17063,0.1188,7.8355999999999995,1.8924,2.52
14.175635,0.0343,8.2361,1.7884,2.19
14.189013,-0.0948,9.0589,1.6278,1.69
14.204756,0.1995,10.2843,1.2809,1.52
14.205327,0.6474,11.731,1.1601,2.6
14.221728,1.0256,13.080400000000001,1.5592,4.04
14.225637,1.5774,14.0784,1.8936,5.2
14.238694,1.6737,14.648399999999999,1.5856,5.64
14.255173,0.8625,14.8163,1.0681,5.49
14.255668,0.2449,14.6142,0.7539,5.18
14.271963,0.5522,13.8406,0.9558,4.48
14.275359,1.3687,12.6089,1.6207,3.76
14.289615,2.2363,11.2113,2.4126,3.71
14.295567,2.5858,10.0832,2.0432,3.35
14.306088,2.4357,9.9085,0.8964,2.63
14.322635,2.2129,11.139,0.8779,2.89
14.325264,1.4464,12.596499999999999,1.4709,3.72
14.339225,0.8562,13.6935,0.522,4.31
14.345361,0.648,13.6089,-1.8562,4.56
14.355713,0.3498,12.242,-4.3467,5.15
14.374072,-0.4973,10.864,-5.6888,5.87
14.375223,-1.3481,9.873,-6.0545,6.21
14.391536,-2.0535,9.1906,-5.9494,6.3
14.395009,-2.3697,9.1178,-5.3138,5.83
14.4077,-2.0914,9.621,-4.0626,4.57
14.423718,-1.5913,10.2716,-2.8133,3.32
14.440052,-1.1657,10.6648,-1.7757,2.42
14.44067,-0.9133,10.7516,-1.121,1.91
14.445572,-0.5418,10.6344,-0.6793,1.43
14.457946,-0.0283,10.4449,-0.4235,1.04
14.475719,0.3925,10.1738,-0.2196,0.81
14.476315,0.4162,9.9473,-0.0554,0.61
14.491144,0.0345,9.8751,-0.0812,0.39
14.495117,-0.418,9.8294,-0.2438,0.59
14.507642,-0.753,9.5392,-0.5518,0.93
14.522701,-0.8918,9.107099999999999,-0.7718,1.24
14.524612,-0.827,8.5644,-0.782,1.47
14.539184,-0.6894,7.9357,-0.7185,1.85
14.544765,-0.4246,7.2675,-0.5222,2.33
14.558718,-0.0956,6.6693999999999996,-0.2733,2.85
14.575492,0.2418,6.2234,0.0056,3.29
14.576055,0.3312,5.9844,0.3092,3.54
14.589572,0.1086,5.931,0.5334,3.61
14.597686,-0.2784,6.2684,0.7817,3.34
14.613322,-0.7638,6.9133,0.889,2.84
14.628406,-1.3889,7.6213,0.8099,2.47
14.62917,-1.966,8.2848,0.6135,2.39
14.645403,-2.3205,8.8881,0.4862,2.45
14.646023,-2.33,9.3041,0.4041,2.37
14.666126,-2.0692,9.3664,0.4281,2.12
14.667252,-1.5748,9.1409,0.6002,1.72
14.68069,-1.0988,8.7644,0.8432,1.57
14.696522,-0.7437,8.3143,1.1087,1.79
14.697069,-0.5387,7.8907,1.3003,2.14
14.712142,-0.3178,7.6033,1.437,2.4
14.714518,-0.0504,7.5762,1.4878,2.43
14.728637,0.3031,7.8161000000000005,1.4433,2.24
14.745434,0.6773,8.4147,1.4229,1.91
14.746026,0.8574,9.2895,1.3323,1.6
14.762175,0.9739,10.4083,1.2485,1.83
14.764648,1.0059,11.6618,1.2836,2.71
14.779453,0.8153,12.8897,1.0554,3.64
14.796358,0.2268,13.7707,0.7434,4.34
14.796967,-0.3959,14.156600000000001,0.5733,4.71
14.813059,-0.6951,14.1846,0.9834,4.84
14.814517,-0.7686,13.9561,1.6669,4.82
14.829523,-0.9623,13.3631,2.2467,4.57
14.846413,-1.1573,12.3722,2.7603,4.15
14.846925,-1.1664,11.2821,3.4271,4.04
14.863613,-1.0169,10.395,4.1544,4.37
14.864651,-0.7023,9.7644,4.1014,4.17
14.880359,-0.1357,9.6821,2.6951,2.7
14.896977,-0.0431,10.3402,2.2016,2.36
14.897528,0.3873,11.9089,2.879,3.77
14.913437,-0.063,13.757,3.1911,5.32
14.914534,-2.2745,14.4327,0.7038,5.48
14.930463,-4.3283,13.587900000000001,-3.6026,6.96
14.947145,-4.4018,12.291599999999999,-6.7129,8.5
14.947721,-3.2671,11.0196,-7.295,8.14
14.964444,-1.9947,9.967600000000001,-6.4511,6.77
14.965042,-0.7141,9.5345,-5.1578,5.21
14.980891,0.3947,9.8679,-3.6193,3.66
14.988137,1.0033,10.2863,-2.4403,2.75
14.997567,1.0658,10.6861,-1.5389,2.22
15.013261,0.8832,11.1417,-0.9218,2.08
15.014287,0.8554,11.4152,-0.5523,2.17
15.028482,1.2316,11.5009,-0.315,2.37
15.043634,1.738,11.4601,-0.0297,2.62
15.044222,1.8441,11.0866,0.2159,2.44
15.063802,1.5501,10.4588,0.4194,1.87
15.066184,0.9145,9.8423,0.6361,1.17
15.081339,0.0388,9.2245,0.6202,0.68
15.084001,-0.7635,8.5716,0.1922,1.22
15.09661,-1.2751,7.8882,-0.357,2.09
15.111591,-1.5594,7.1569,-0.9121,2.96
15.115001,-1.4107,6.5232,-1.2387,3.52
15.12845,-0.9938,6.0622,-1.3326,3.82
15.136478,-0.6031,5.7971,-1.3045,3.97
15.148125,-0.371,5.7452000000000005,-1.0608,3.92
15.165646,-0.0861,5.9528,-0.7231,3.62
15.166747,0.3395,6.3528,-0.4498,3.2
15.178493,0.8288,6.966200000000001,-0.3545,2.69
15.185343,1.272,7.5747,-0.4419,2.35
15.197222,1.6772,8.1475,-0.5776,2.23
15.215772,2.0281,8.6683,-0.6234,2.28
15.216459,2.1554,9.0725,-0.5779,2.27
15.232298,1.9688,9.2737,-0.4735,2.04
15.239595,1.7006,9.3231,-0.3434,1.74
15.251101,1.394,9.2716,-0.02,1.41
15.267869,1.0431,9.0989,0.4439,1.2
15.268394,0.7441,8.8377,1.0374,1.44
15.284496,0.5253,8.5465,1.4541,1.82
15.285147,0.4426,8.2495,1.698,2.15
15.301567,0.5815,8.1133,1.9074,2.43
15.319214,0.6839,8.288,2.1709,2.58
15.319757,0.6727,8.6971,2.3886,2.61
15.335477,0.7288,9.2292,2.314,2.44
15.335995,1.1266,9.8901,1.7403,2.11
15.351981,1.4653,10.6419,1.3526,2.3
15.368954,1.5514,11.2144,1.3288,2.67
15.369551,1.6453,11.4912,1.0112,2.77
15.385399,1.44,11.617799999999999,0.4629,2.6
15.385945,0.3714,12.1456,0.4187,2.7
15.402802,-0.6289,12.9223,0.9425,3.6
15.403857,-0.6591,13.2185,1.6103,4.11
15.420817,-0.1304,12.8885,2.2909,4.09
15.438917,0.6622,12.1019,2.9591,4.0
15.439437,1.2786,11.3173,3.4082,4.07
15.455862,1.4099,10.7412,3.4558,3.93
15.45637,1.2268,10.761,2.2436,2.85
15.472284,1.3354,11.6146,0.966,2.68
15.473428,1.0089,12.7921,1.0107,3.59
15.493364,0.4217,14.0563,1.027,4.69
15.494004,0.5106,14.4527,-0.6966,5.03
15.513313,1.2255,13.2418,-3.2589,5.11
15.514436,1.6218,11.5452,-5.2834,5.89
15.529792,0.9345,10.3448,-5.8504,5.98
15.547885,-0.273,9.7101,-5.3402,5.35
15.548508,-1.4432,9.3207,-4.7329,4.95
15.564986,-2.4302,9.3913,-4.0501,4.72
15.565608,-2.9382,9.6657,-3.2514,4.39
15.582026,-2.3776,9.7836,-2.8209,3.7
15.598649,-1.3395,9.8669,-2.5089,2.87
15.599272,-0.6387,10.0049,-1.7927,1.97
15.615441,-0.0974,10.2341,-0.9273,1.19
15.615965,0.4385,10.5991,-0.176,1.2
15.632313,0.7098,11.013300000000001,0.5051,1.75
15.633606,0.6444,11.342600000000001,0.9322,2.16
15.649681,0.5036,11.4128,0.9223,2.18
15.664538,0.3055,11.2495,0.3968,1.82
15.665439,0.1651,10.8362,-0.225,1.37
15.681637,0.0672,10.2436,-0.7348,1.05
15.699144,0.0244,9.5072,-1.0249,1.03
15.699791,0.1164,8.669599999999999,-1.0899,1.38
15.714097,0.241,7.7873,-0.9833,1.99
15.714645,0.331,6.9564,-0.7649,2.68
15.730293,0.3012,6.2446,-0.467,3.3
15.745623,0.1285,5.7075,-0.2293,3.8
15.746407,-0.1745,5.4283,-0.0711,4.08
15.760666,-0.4872,5.3533,-0.0226,4.18
15.775935,-0.8594,5.7486,0.125,3.85
15.777037,-1.4518,6.4482,0.2699,3.39
15.795529,-1.8292,7.242,0.2919,2.92
15.796248,-2.0015,8.0489,0.2404,2.48
15.809985,-2.1087,8.7306,0.1612,2.25
15.826447,-1.9486,9.1528,0.1256,1.98
15.827426,-1.7208,9.3242,0.1754,1.74
15.845977,-1.506,9.2915,0.409,1.57
15.847655,-1.3373,9.116,0.7907,1.6
15.870497,-1.2639,8.8478,1.1839,1.85
15.873646,-1.1761,8.6061,1.5485,2.14
15.874216,-1.0588,8.5662,1.9072,2.37
15.883147,-0.9035,8.6754,2.1738,2.49
15.898802,-0.5854,8.9912,2.378,2.5
15.903242,-0.3338,9.4467,2.3743,2.4
15.915233,-0.1848,9.9508,2.1636,2.22
15.923338,0.0506,10.5231,1.789,2.06
15.934442,0.1348,11.1692,1.1595,2.04
15.950608,-0.1151,11.7143,0.1922,2.23
15.952978,-0.3752,12.1143,-0.5843,2.7
15.967959,-0.3548,12.5684,-0.4248,3.12
15.97368,-0.3009,13.236,0.6098,3.8
15.98501,-0.7014,13.6348,1.5984,4.49
15.994231,-0.9238,13.328,2.1647,4.49
16.004097,-0.5355,12.630700000000001,2.8165,4.25
16.019622,-0.0377,11.6753,3.7297,4.32
16.023327,0.3164,10.6199,4.7944,4.93
16.035086,0.8782,9.7151,5.2512,5.33
16.05079,1.7572,9.4215,4.0633,4.43
16.053444,1.9101,10.0358,3.3328,3.88
16.070767,1.9835,11.3977,3.992,4.84
16.073639,1.0358,13.1662,3.767,5.36
16.089339,-1.7336,13.8615,0.2831,4.7
16.105748,-3.6776,13.2412,-4.4365,6.87
16.106371,-3.8878,11.992799999999999,-7.8183,9.08
16.122985,-3.1317,10.5244,-9.3767,9.94
16.123582,-1.8573,9.7221,-8.9089,9.1
16.138953,-0.3459,10.0184,-6.6717,6.7
16.155134,0.7256,10.5886,-4.2841,4.48
16.155732,1.1034,10.7275,-2.8641,3.31
16.172513,1.2183,10.6527,-1.8442,2.49
16.17314,1.4089,10.5478,-1.0428,2.04
16.189238,1.5682,10.3403,-0.5133,1.85
16.205906,1.5541,10.1263,-0.2392,1.69
16.206478,1.3403,9.9834,0.0106,1.42
16.22289,0.951,9.7248,0.3239,1.03
16.223485,0.4235,9.4937,0.5935,0.73
16.240469,-0.1673,9.3423,0.6151,0.66
16.24251,-0.6526,9.0168,0.3148,0.87
16.257574,-0.9966,8.5693,-0.2195,1.38
16.27411,-1.278,8.0432,-0.7208,2.07
16.274826,-1.361,7.466200000000001,-1.1191,2.69
16.289265,-1.2728,6.9007000000000005,-1.2727,3.16
16.295871,-1.0765,6.4348,-1.168,3.45
16.30842,-0.7774,6.1965,-0.8786,3.51
16.327483,-0.311,6.102399999999999,-0.5318,3.45
16.327993,0.2129,6.2551000000000005,-0.2036,3.26
16.342798,0.9232,6.7684999999999995,0.1924,2.89
16.343359,1.5752,7.4015,0.4091,2.66
16.358206,1.9805,7.9509,0.387,2.54
16.37477,2.1204,8.4632,0.3205,2.38
16.375295,2.0107,8.8484,0.2875,2.13
16.391138,1.5294,9.0526,0.2457,1.61
16.392729,0.9424,9.1103,0.205,1.04
16.407843,0.5059,9.0728,0.2631,0.71
16.424274,0.1432,8.9359,0.5283,0.79
16.441916,-0.062,8.8671,0.9352,1.13
16.459157,0.3266,8.7981,1.7737,1.94
16.475313,0.6879,8.9329,1.948,2.14
16.475861,0.9274,9.1254,1.9012,2.15
16.492309,1.0416,9.5399,1.6102,1.92
16.492945,1.3388,10.2097,1.0897,1.87
16.509445,1.5898,11.0802,0.8113,2.38
16.526262,1.5084,11.8377,0.8705,2.92
16.526785,1.391,12.1713,0.6373,3.08
16.543618,1.2671,12.1689,0.0599,2.96
16.544146,0.3457,12.5397,0.0831,3.06
16.560571,-0.5865,13.296,1.0333,3.98
16.57679,-0.4424,13.536999999999999,2.0381,4.54
16.577548,0.1288,13.0794,3.025,4.69
16.594016,0.8764,12.1379,3.7592,4.68
16.594767,1.556,11.1099,4.1854,4.75
16.611039,1.581,10.4448,4.7376,5.08
16.612257,0.8649,10.4739,4.0224,4.23
16.627923,0.5666,11.3062,2.1611,2.87
16.643846,0.119,12.553,1.304,3.32
16.644429,-0.7176,13.8224,0.8184,4.46
16.660778,-0.654,14.1674,-1.5587,4.96
16.676797,0.8934,10.5515,-7.2349,7.37
16.692476,1.0254,9.1256,-8.238,8.31
16.709962,-0.7079,8.5445,-5.534,5.66
16.726375,-1.5461,9.7529,-2.759,3.17
16.743316,-1.125,10.2804,-2.1199,2.52
16.7606,0.2114,10.7842,-1.1666,1.75
16.77748,0.9269,11.1226,-0.5659,1.95
16.794517,0.8447,11.332699999999999,-0.0603,2.02
16.810837,0.1995,11.29,0.4272,1.85
16.828005,-0.3666,10.2766,-0.2117,0.88
16.844746,-0.2918,9.4712,-0.5586,0.63
16.861064,0.0917,7.6546,-0.7312,1.99
16.877975,0.4829,6.1457,-0.463,3.42
16.895039,0.4025,5.7619,-0.2252,3.77
16.912142,-0.0008,5.5139,0.1737,3.99
16.927793,-0.4476,7.0057,0.8155,2.66
16.94452,-0.6967,7.8941,0.7461,1.9
16.94517,-0.8242,8.5087,0.3031,1.32
16.961566,-0.8992,8.8851,-0.1962,1.11
16.962181,-0.9715,9.1856,-0.2847,1.06
16.97868,-1.0169,9.2226,-0.1408,1.06
16.994827,-1.0315,9.0666,0.185,1.13
16.995409,-1.0748,8.9025,0.5154,1.33
17.002316,-1.1297,8.7322,0.9236,1.65
17.011609,-1.0132,8.6187,1.388,1.93
17.026558,-0.7279,8.598700000000001,1.8385,2.17
17.031759,-0.4632,8.7676,2.2622,2.42
17.042437,-0.309,9.1389,2.6095,2.65
17.059352,-0.3501,9.6749,2.6885,2.72
17.061714,-0.4684,10.2531,2.5526,2.7
17.07528,-0.4056,10.8838,2.2921,2.71
17.081574,-0.4643,11.42,1.7063,2.61
17.093542,-0.8396,11.7951,0.8768,2.6
17.110943,-1.1919,12.0619,0.3747,2.85
17.11166,-1.2624,12.3722,0.5383,3.18
17.127005,-0.9543,12.8159,1.3667,3.71
17.132327,-0.882,13.0352,2.1383,4.22
17.145666,-0.9368,12.7686,2.4816,4.21
17.160693,-0.5359,12.1738,2.9481,4.02
17.161463,0.0719,11.4336,3.5761,4.07
17.178304,0.7035,10.6668,4.101,4.32
17.18574,1.5556,9.9691,3.3553,3.73
17.196722,1.9543,9.8861,2.0496,2.86
17.213819,1.6269,10.6143,2.3885,3.1
17.214352,1.2674,12.0755,3.5036,4.53
17.230416,-0.8597,13.408999999999999,2.4967,4.72
17.231364,-3.8554,13.240400000000001,-1.5811,5.6
17.246741,-4.886,12.4193,-5.8136,8.14
17.26384,-4.0573,11.504999999999999,-7.9299,9.13
17.264394,-2.4643,10.6842,-7.9557,8.41
17.281506,-0.8069,10.3476,-6.914,7.01
17.282055,0.4664,10.6969,-5.2895,5.44
17.298583,1.4599,11.0854,-3.8433,4.41
17.315847,2.0474,11.3221,-2.9026,3.99
17.332791,2.9022,11.4253,-1.3898,3.75
17.349568,2.9984,10.869,-0.2554,3.31
17.36704,2.3806,10.3666,0.0789,2.53
17.384986,0.2621,9.1666,0.3538,0.55
17.402018,-1.5732,8.300699999999999,0.1442,1.98
17.402631,-2.0648,7.8338,-0.0372,2.65
17.419044,-2.2941,7.2043,-0.3928,3.27
17.436929,-2.2073,6.5622,-0.6673,3.73
17.437536,-1.8624,6.1515,-0.7672,3.91
17.453858,-1.4387,5.9242,-0.7266,3.92
17.45445,-0.907,5.8611,-0.6483,3.81
17.471494,-0.2843,6.108499999999999,-0.4246,3.43
17.472077,0.4789,6.686,-0.1215,2.86
17.488205,1.3597,7.3896999999999995,0.0426,2.51
17.505999,2.051,8.0864,0.0038,2.49
17.506561,2.3801,8.6688,-0.0447,2.52
17.526341,2.5103,9.0284,-0.1507,2.56
17.526949,2.2935,9.099,-0.1752,2.33
17.544282,1.7487,9.0856,0.0278,1.8
17.544943,1.0825,8.9775,0.3099,1.24
17.561437,0.5495,8.7053,0.6362,1.16
17.562034,0.1355,8.2705,1.0131,1.6
17.579118,-0.1097,7.8386,1.3595,2.15
17.596449,-0.2011,7.4483,1.5633,2.59
17.597141,-0.1773,7.2511,1.8343,2.91
17.613971,-0.1175,7.3309999999999995,1.9887,2.95
17.614621,-0.1472,7.7443,1.9931,2.66
17.630949,-0.0038,8.5482,1.6942,1.94
17.631584,0.4022,9.752,1.3212,1.4
17.647495,0.6246,11.0786,1.2254,2.09
17.664187,0.6604,12.3199,1.0216,3.07
17.664968,0.8334,13.23,0.4662,3.85
17.681899,0.7771,13.8829,-0.0432,4.45
17.682647,0.2845,14.482,0.0918,4.99
17.699807,0.202,14.698599999999999,0.556,5.23
17.701375,0.8417,14.158999999999999,1.0438,4.85
17.717633,1.6137,13.0611,1.669,4.25
17.734294,2.2937,11.7585,2.4792,4.06
17.735203,2.512,10.6372,3.2531,4.26
17.750761,2.3434,9.822,3.5623,4.28
17.75198,1.8487,9.7468,2.9901,3.52
17.767417,1.6127,10.6677,2.6991,3.35
17.773845,0.8347,11.9277,3.1507,4.06
17.78572,0.0195,13.0228,2.0408,4.07
17.802305,0.3672,13.4226,-1.4945,4.21
17.803073,0.8382,12.8428,-4.5775,5.73
17.818832,0.6068,11.9294,-6.2258,6.71
17.820513,-0.2657,11.2135,-6.8195,7.04
17.836255,-1.7176,10.8352,-6.6556,7.0
17.857773,-3.1876,10.8764,-5.9112,6.86
17.876121,-3.9751,11.2018,-3.3925,5.5
17.893136,-1.941,10.5747,-1.1174,2.48
17.893758,-0.7618,10.2234,-0.4367,1.14
17.910437,0.2727,9.9225,-0.1009,0.51
17.911226,1.0888,9.7701,0.3057,1.16
17.927203,1.5711,9.7555,0.6498,1.72
17.944184,1.6238,9.7635,0.5607,1.74
17.944804,1.2043,9.742,0.0526,1.23
17.960734,0.4959,9.6804,-0.4934,0.72
17.961404,-0.109,9.4709,-0.9821,0.99
17.977864,-0.4316,9.1436,-1.3162,1.43
17.996106,-0.4716,8.7074,-1.4527,1.72
17.996773,-0.4218,8.2116,-1.4309,1.97
18.012754,-0.3849,7.5402000000000005,-1.2163,2.34
18.013471,-0.3788,6.9015,-0.8375,2.76
18.029214,-0.3488,6.3818,-0.3146,3.15
18.030273,-0.3904,6.0082,0.2107,3.52
18.045267,-0.416,5.9216999999999995,0.661,3.66
18.061524,-0.4394,6.1173,0.8395,3.51
18.062347,-0.5664,6.599,0.8534,3.08
18.077791,-0.7935,7.2851,0.6442,2.44
18.09493,-1.0368,7.9123,0.3526,1.93
18.095538,-1.2303,8.4439,0.0218,1.62
18.111007,-1.3464,8.927,-0.2082,1.48
18.111621,-1.3708,9.1564,-0.2841,1.44
18.12746,-1.3132,9.0899,-0.2259,1.39
18.147514,-1.286,8.8673,-0.0106,1.43
18.148144,-1.3273,8.5384,0.2655,1.66
18.165367,-1.3671,8.2111,0.6866,2.0
18.166052,-1.3738,7.9801,1.1448,2.35
18.180801,-1.2524,7.9091000000000005,1.5297,2.54
18.181644,-1.0645,8.0592,1.7897,2.53
18.195895,-0.8454,8.465,1.879,2.31
18.213974,-0.6929,9.1325,1.8189,1.98
18.214646,-0.7366,10.0923,1.6314,1.89
18.235663,-1.0275,11.1362,1.3661,2.37
18.236406,-1.3542,12.0582,1.0998,3.1
18.253606,-1.645,12.676,0.779,3.66
18.254296,-1.7175,13.0442,0.5936,3.98
18.271649,-1.4082,13.4469,0.9986,4.31
18.272356,-0.8838,13.9191,1.8619,4.88
18.288456,-0.5866,14.0617,2.3794,5.18
18.290004,-0.4333,13.633,2.4843,4.84
18.304616,-0.0768,12.930299999999999,2.7845,4.42
18.322085,0.2768,12.1542,3.5173,4.42
18.322758,0.4079,11.263300000000001,4.4573,4.81
18.339318,0.3616,10.462,5.134,5.24
18.340687,0.513,10.0332,4.459,4.52
18.35502,0.0617,10.2922,3.3707,3.46
18.372601,-0.2215,11.3584,3.0798,3.6
18.373693,-0.7236,13.0348,3.184,4.81
18.393261,-3.0035,13.9632,0.7801,5.44
18.394961,-5.1548,13.4755,-3.6506,7.46
18.410362,-4.8753,12.1988,-7.0055,8.95
18.411911,-3.2326,10.7241,-8.3398,9.03
18.432703,-1.5626,9.6958,-8.303,8.45
18.433426,-0.2302,9.7004,-7.2399,7.25
18.449058,0.6795,10.3793,-5.5272,5.64
18.449698,1.2102,10.693999999999999,-4.0346,4.38
18.465552,1.5235,10.532399999999999,-2.9687,3.49
18.482268,1.797,10.193999999999999,-2.0472,2.81
18.482857,2.0434,9.8905,-1.1778,2.39
18.498543,2.1059,9.8095,-0.4285,2.17
18.499562,1.7796,9.7991,0.2946,1.83
18.515836,1.1919,9.7271,0.7906,1.45
18.533198,0.5676,9.6064,1.1383,1.28
18.53384,-0.2075,9.4477,1.1888,1.21
18.55018,-0.993,9.2513,0.9554,1.4
18.550819,-1.6314,8.8687,0.4209,1.8
18.567431,-1.9193,8.3276,-0.1829,2.26
18.584789,-2.1176,7.7649,-0.6251,2.81
18.58554,-2.1181,7.2215,-1.0416,3.28
18.601286,-1.8923,6.7988,-1.3132,3.55
18.602123,-1.4427,6.521,-1.3366,3.57
18.61982,-0.8069,6.4043,-1.1548,3.4
18.620799,-0.1546,6.4852,-0.8432,3.13
18.637755,0.431,6.7849,-0.4819,2.79
18.655008,0.8894,7.1782,-0.306,2.51
18.65563,1.2009,7.5911,-0.2421,2.27
18.673122,1.4572,7.9495000000000005,-0.1674,2.13
18.673762,1.6303,8.2398,-0.1705,2.07
18.689873,1.6612,8.4835,-0.0613,1.95
18.690484,1.5567,8.6428,0.027,1.78
18.707466,1.4644,8.7591,0.1913,1.65
18.72503,1.2996,8.767,0.5071,1.58
18.725671,1.0503,8.6884,1.0033,1.66
18.742228,0.7925,8.5752,1.5046,1.94
18.742863,0.6191,8.4214,1.7786,2.17
18.760821,0.5005,8.3195,1.9074,2.3
18.761579,0.3226,8.4262,2.0027,2.3
18.778153,0.0795,8.6008,2.0028,2.2
18.795957,-0.1412,8.9519,1.8418,1.93
18.796636,-0.1152,9.5278,1.2133,1.22
18.813471,-0.0293,10.2926,0.6132,1.0
18.814103,0.0257,11.0649,0.22,1.58
18.831509,0.4301,11.6064,-0.1743,2.16
18.832113,0.8356,11.9546,-0.457,2.63
18.852731,0.5866,12.5159,-0.131,3.08
18.853452,0.3117,13.245899999999999,0.7746,3.84
18.869912,0.7668,13.6371,1.6291,4.51
18.870642,1.3571,13.4644,2.21,4.74
18.888215,1.814,12.8583,2.5371,4.58
18.889421,2.0828,11.9682,2.7116,4.22
18.905918,1.9663,11.256499999999999,2.1472,3.4
18.923526,1.6581,11.577300000000001,1.2771,2.95
18.924244,1.3252,12.558399999999999,1.0944,3.51
18.940899,0.6012,13.3035,1.4832,4.13
18.941625,0.3634,13.4873,0.3912,4.02
18.958589,0.835,12.3249,-2.2254,3.69
18.959279,1.0034,10.6785,-4.5418,4.8
18.976319,0.7296,9.8755,-5.8487,5.91
18.993217,0.0371,9.8559,-6.1728,6.18
18.994017,-1.0392,10.232099999999999,-5.8335,5.97
19.009205,-2.2587,10.9185,-5.2218,5.86
19.009976,-3.2481,11.7286,-4.3965,5.9
19.025173,-3.502,12.3294,-3.6385,5.79
19.041824,-3.1267,12.5871,-2.6299,5.12
19.042623,-2.1599,12.5759,-1.7421,4.14
19.051378,-0.9931,12.3024,-1.2374,3.22
19.06777,-0.225,11.9199,-0.7833,2.55
19.068763,0.1667,11.411,-0.4787,1.98
19.084154,0.3063,10.9132,-0.4181,1.51
19.100159,0.3338,10.4684,-0.454,1.12
19.100766,0.274,9.9282,-0.4922,0.71
19.117616,0.1004,9.2558,-0.511,0.58
19.13943,0.0131,8.5343,-0.5722,1.12
19.15545,0.4677,6.6073,-0.7329,3.02
19.173271,0.4676,6.0796,-0.6964,3.52
19.173909,0.3349,5.7968,-0.4428,3.74
19.190399,-0.0008,5.673299999999999,-0.1788,3.83
19.191022,-0.5143,5.7603,-0.0277,3.77
19.207895,-1.1293,6.1044,0.0496,3.58
19.209256,-1.9367,6.7184,-0.0011,3.39
19.225511,-2.4807,7.5377,-0.0809,3.16
19.24426,-2.7313,8.3634,-0.286,2.97
19.245006,-2.8983,8.8953,-0.4843,3.0
19.263142,-2.7836,9.1271,-0.4521,2.84
19.264315,-2.3351,8.9975,-0.3311,2.41
19.281137,-1.7912,8.7211,-0.1354,1.96
19.281986,-1.3163,8.3831,0.1227,1.73
19.299118,-0.9718,8.0525,0.381,1.78
19.299948,-0.6416,7.6497,0.6214,2.05
19.317381,-0.3533,7.3331,0.7661,2.33
19.334115,0.2723,7.5049,1.1567,2.32
19.352124,0.574,8.1046,1.3151,2.0
19.368461,0.8839,9.9152,1.5117,1.8
19.385026,0.2318,12.2278,1.3099,3.03
19.402173,-0.4179,13.1876,1.0448,3.86
19.419734,-1.1029,14.1204,1.0385,4.86
19.438159,-1.3672,14.1833,1.3627,5.07
19.439309,-1.6496,13.8899,1.812,5.03
19.45613,-2.0478,12.1653,3.2097,4.65
19.472208,-1.9971,11.1369,4.0976,4.84
19.473152,-1.8092,10.2006,4.977,5.34
19.490272,-1.5331,9.4094,5.4245,5.64
19.49112,-0.8431,8.8673,4.3058,4.43
19.511713,0.2061,8.9221,1.4154,1.54
19.513272,0.5966,9.8927,0.543,0.9
19.52803,1.2337,12.1003,2.1022,3.56
19.528653,0.2745,14.5914,2.1662,5.54
19.544912,-2.7714,15.1232,-1.7367,6.51
19.548232,-4.3503,13.8741,-6.0418,8.63
19.562525,-4.1698,12.600999999999999,-8.3906,9.87
19.579235,-2.2865,11.0176,-8.8454,9.26
19.580299,-0.211,9.7976,-8.1186,8.13
19.597719,1.2264,9.6298,-6.3953,6.51
19.598367,2.1917,10.054,-4.6747,5.19
19.615132,2.5894,10.3843,-3.6102,4.53
19.632969,2.5598,10.592600000000001,-2.6238,3.82
19.650195,2.32,10.4068,-1.0497,2.7
19.669347,1.3161,10.2941,0.0731,1.54
19.669979,0.6003,10.282399999999999,0.5237,1.12
19.686841,-0.2646,10.1599,0.8527,1.11
19.687978,-1.1295,10.002,1.0137,1.6
19.703923,-1.8459,9.6486,0.8614,2.04
19.722256,-2.2418,9.1245,0.4021,2.31
19.722886,-2.3942,8.5323,-0.2022,2.59
19.740449,-2.2467,7.8980999999999995,-0.7779,2.87
19.741784,-1.9015,7.3253,-1.0874,3.09
19.758674,-1.4974,6.9414,-1.1629,3.18
19.759334,-0.966,6.7552,-1.0401,3.09
19.775597,-0.3229,6.7752,-0.8001,2.86
19.793378,0.3607,6.9653,-0.5618,2.62
19.810978,1.6087,7.6719,-0.2691,2.45
19.829122,2.107,8.2855,-0.5657,2.5
19.829798,1.9562,8.4388,-0.7116,2.34
19.84641,1.6431,8.469899999999999,-0.7067,2.06
19.863848,1.2498,8.3281,-0.4661,1.78
19.881212,0.7869,7.817,0.4142,1.9
19.89894,0.7348,7.3689,1.1707,2.54
19.899577,0.7688,7.2554,1.2859,2.7
19.916178,0.8403,7.2907,1.3046,2.7
19.933665,0.8723,7.5118,1.3283,2.55
19.934351,0.7716,7.8751,1.2973,2.22
19.952749,0.609,8.4468,1.1474,1.67
19.953496,0.5769,9.147,1.0019,1.21
19.970187,0.8827,10.0067,0.7025,1.24
19.970902,1.0918,10.9224,0.5818,1.89
19.98733,1.0419,11.604800000000001,0.5709,2.42
20.003994,0.9534,11.9719,0.5066,2.7
20.020699,-0.2847,12.5478,0.5056,3.1
20.038371,-0.6253,12.9077,1.5886,3.81
20.039244,-0.2404,12.5442,2.2117,3.77
20.055674,0.152,11.9559,2.9892,3.87
20.07198,0.4778,11.1645,3.5916,3.99
20.072684,0.7372,10.31,3.8452,4.0
20.088403,0.9822,9.5084,3.7262,3.85
20.089173,0.7261,9.0023,2.2656,2.43
20.10568,0.6476,9.2286,-0.4876,0.85
20.12311,1.1092,10.5271,-1.5144,2.14
20.123917,0.8819,12.4213,-0.3938,3.08
20.142912,0.9842,14.077,-0.8623,4.76
20.144732,2.2267,14.1988,-3.7088,6.39
20.166421,3.269,13.0393,-6.5001,8.09
20.18203,0.2802,11.1534,-6.4404,6.66
20.19831,-1.5235,10.9123,-4.7335,5.17
20.198938,-2.5733,10.6652,-3.3987,4.42
20.215248,-2.5736,10.6329,-2.794,3.96
20.236506,-2.1295,10.9492,-1.5574,3.01
20.252586,0.2552,12.7497,0.6991,3.33
20.268415,0.3478,12.779399999999999,0.1169,3.3
20.269106,0.0869,12.4024,-0.6362,2.97
20.287502,-0.149,11.7041,-1.0463,2.44
20.288123,-0.2156,10.8629,-1.1918,1.82
20.30387,-0.1677,9.9845,-1.2575,1.36
20.321398,0.0218,9.1497,-1.3484,1.39
20.322088,0.0888,8.2163,-1.5184,1.99
20.33847,0.1736,7.2120999999999995,-1.6712,2.84
20.339147,0.3115,6.2783999999999995,-1.6279,3.62
20.356164,0.3335,5.404,-1.3862,4.34
20.357367,0.2238,4.6956,-1.0274,4.92
20.373539,-0.0057,4.3166,-0.5721,5.21
20.392618,-0.3981,4.4081,-0.2349,5.11
20.393449,-0.8834,4.8804,0.0149,4.7
20.409439,-1.3078,5.708,0.0829,4.01
20.410086,-1.4993,6.8626000000000005,-0.033,3.03
20.430313,-1.7734,8.0654,-0.2915,2.3
20.449107,-1.9462,9.193,-0.5318,2.04
20.467103,-1.2124,10.6846,-0.2439,1.71
20.485807,-0.7989,10.1335,0.6358,1.2
20.487192,-0.726,9.7277,1.1697,1.4
20.503969,-0.6549,9.3727,1.7118,1.84
20.521991,-0.5835,9.1122,2.2274,2.33
20.54045,-0.4725,9.0811,2.526,2.6
20.557943,-0.2328,9.6086,2.1592,2.17
20.558651,-0.131,10.0642,1.7678,1.86
20.576401,-0.1766,10.537700000000001,1.0245,1.47
20.577361,-0.2122,11.0182,0.2648,1.56
20.593662,-0.0188,11.671,0.0477,2.17
20.61067,0.1819,12.5674,0.4288,3.1
20.611542,0.1057,13.356300000000001,0.9803,3.98
20.62837,-0.2267,13.7182,1.3053,4.42
20.629308,-0.4676,13.5265,1.5378,4.34
20.653883,-0.2336,12.995899999999999,2.0945,4.08
20.673737,0.9796,11.4043,3.6117,4.2
20.674388,1.5015,10.6573,3.3132,3.82
20.691033,1.8086,10.2704,2.0472,2.84
20.708194,1.1024,11.8586,2.8004,3.82
20.708922,-0.8647,12.9258,2.0192,4.07
20.725754,-3.757,12.9661,-0.9545,5.2
20.726865,-5.0992,12.0997,-4.2842,7.15
20.743356,-4.4803,10.749600000000001,-6.7605,8.21
20.764376,-3.1342,9.4635,-7.8467,8.45
20.787466,-0.2088,9.2065,-6.9325,6.94
20.788814,1.393,10.2401,-5.2666,5.5
20.803263,2.1708,11.4139,-2.8195,4.04
20.819986,2.2214,11.6679,-1.8204,3.6
20.820631,2.183,11.8336,-0.9523,3.33
20.836793,1.816,11.8864,-0.2733,3.01
20.837536,1.2508,11.5515,0.0328,2.4
20.854415,0.617,10.8981,0.1086,1.53
20.871539,-0.0774,10.1628,0.1796,0.69
20.872197,-0.8334,9.5184,0.3054,0.89
20.889203,-1.474,9.0015,0.2841,1.58
20.889852,-1.8976,8.4155,0.199,2.19
20.906951,-2.1737,7.6111,-0.0375,2.88
20.907591,-2.3854,6.9140999999999995,-0.2577,3.53
20.924392,-2.3818,6.364,-0.4236,3.96
20.942184,-2.0759,5.9549,-0.7114,4.17
20.942835,-1.5101,5.734,-1.036,4.19
20.959317,-0.7812,5.7789,-1.3189,4.02
20.959954,0.0957,6.1729,-1.3338,3.59
20.977399,1.1099,6.8624,-1.2436,3.12
20.978112,1.828,7.7417,-1.1352,2.78
20.994657,2.214,8.5587,-1.0688,2.63
21.012298,2.374,9.2174,-0.8702,2.54
21.013088,2.2821,9.645199999999999,-0.5997,2.36
21.030439,2.0253,9.7586,-0.3198,2.07
21.031141,1.8044,9.7066,-0.0548,1.82
21.047518,1.5935,9.5188,0.1572,1.6
21.048137,1.485,9.1994,0.5386,1.61
21.066913,1.5553,8.814,0.9246,1.94
21.067588,1.5425,8.443200000000001,1.2523,2.25
21.084406,1.4834,8.1906,1.5723,2.53
21.101626,1.4419,8.1297,1.9345,2.77
21.102398,1.2862,8.199300000000001,2.1955,2.86
21.119661,1.2319,8.4644,2.2753,2.79
21.120421,1.3503,8.9536,1.8474,2.35
21.142698,1.4673,9.6508,1.3972,2.03
21.1442,1.2562,10.4741,1.447,2.15
21.157995,1.0237,11.1583,1.4325,2.42
21.158669,1.1243,11.5258,0.893,2.48
21.175518,1.0308,11.8113,0.3053,2.55
21.176205,0.1569,12.463799999999999,0.1464,2.97
21.192794,-0.7104,13.177299999999999,0.4541,3.77
21.209352,-0.9023,13.4276,0.8129,4.11
21.210838,-0.6076,13.0104,1.1661,3.75
21.228549,-0.1048,12.1577,1.5603,3.08
21.229462,0.2603,11.3104,2.0908,2.78
21.246726,0.3851,10.64,2.5065,2.78
21.248496,0.1479,10.2917,1.8493,2.02
21.267827,0.1666,10.8414,0.7912,1.57
21.269372,0.0136,11.8447,0.668,2.44
21.283018,-0.2254,13.0829,0.5536,3.63
21.303852,0.3796,14.1053,-1.1413,4.76
21.304543,1.2123,13.905899999999999,-3.6009,5.82
21.320457,1.3747,12.6431,-5.9167,6.84
21.321166,0.7166,11.2811,-7.2124,7.46
21.337048,-0.3757,10.3,-7.2046,7.26
21.337709,-1.262,9.8249,-6.6009,6.73
21.353463,-1.9464,9.8235,-5.6481,5.98
21.370149,-2.3172,10.0128,-4.4806,5.07
21.370795,-1.9217,10.1353,-3.4021,3.96
21.386616,-1.1497,10.1293,-2.6292,2.94
21.387249,-0.5203,10.153,-1.9451,2.12
21.403381,0.0094,10.2311,-1.3764,1.56
21.420685,0.4634,10.2539,-0.7162,1.14
21.421364,0.6458,10.3022,-0.2797,1.07
21.438666,0.6618,10.3231,-0.0975,1.06
21.439329,0.5537,10.3196,-0.1013,0.99
21.446193,0.3334,10.2463,-0.3242,0.88
21.456458,0.0098,9.9943,-0.6384,0.81
21.474113,-0.2157,9.6721,-0.9336,0.97
21.475643,-0.3536,9.264,-1.1277,1.21
21.491564,-0.3738,8.693200000000001,-1.2069,1.5
21.496352,-0.3247,8.0279,-1.1889,1.92
21.509823,-0.304,7.4215,-1.1582,2.4
21.528255,-0.2138,6.9397,-0.9532,2.74
21.529002,-0.1819,6.6881,-0.6838,2.9
21.546297,-0.3297,6.5923,-0.4181,2.96
21.547431,-0.6599,6.6132,-0.0918,2.96
21.56408,-1.1154,6.9971,0.3102,2.76
21.581186,-1.5188,7.7036999999999995,0.6133,2.43
21.581885,-1.8742,8.356,0.5554,2.26
21.59806,-2.2296,8.846,0.2168,2.33
21.59878,-2.2597,9.1489,0.0429,2.29
21.615302,-2.0142,9.2549,-0.0006,2.03
21.615993,-1.6333,9.0714,0.087,1.69
21.632741,-1.3491,8.7361,0.2613,1.57
21.65074,-1.0882,8.354800000000001,0.4352,1.64
21.651406,-0.8153,7.9883,0.6088,1.82
21.667847,-0.5774,7.6973,0.7936,2.05
21.668495,-0.3315,7.5563,0.8829,2.16
21.685006,0.0038,7.6392,0.9924,2.11
21.686,0.2899,7.9190000000000005,1.11,1.95
21.706783,0.6056,8.3921,1.1612,1.72
21.725614,0.6565,9.1756,1.0659,1.29
21.742646,-0.3213,12.475200000000001,0.4063,3.02
21.759556,-0.8938,13.2516,-0.1349,3.86
21.760542,-1.0614,13.631499999999999,-0.357,4.28
21.777194,-0.7229,13.7944,0.104,4.36
21.77789,-0.4125,13.8015,1.1394,4.47
21.794629,-0.4795,13.4457,2.3125,4.6
21.795786,-0.6522,12.5853,3.2415,4.52
21.813272,-0.7013,11.4261,4.067,4.55
21.830155,-0.6491,10.2981,4.8992,5.01
21.83141,-0.4461,9.4181,5.2129,5.23
21.847928,0.2629,9.2581,3.8281,3.84
21.848652,0.6729,10.2194,2.8379,3.0
21.866045,1.2308,12.254100000000001,3.3964,4.54
21.866788,1.1349,14.646,3.4435,6.29
21.883401,-0.8026,15.7031,0.4242,6.27
21.898865,-2.7044,15.3118,-4.1486,7.64
21.89968,-3.2461,14.173300000000001,-7.1616,9.15
21.916027,-2.782,12.3256,-7.9918,8.92
21.918168,-1.6209,10.3013,-7.3537,7.57
21.942079,-0.4704,8.8274,-6.0329,6.09
21.942721,0.3523,8.0951,-4.5273,4.75
21.956644,0.9814,8.043800000000001,-3.1316,3.59
21.957306,1.1135,8.1334,-2.1129,2.75
21.974687,0.8745,8.3985,-1.5211,2.07
21.992728,0.6524,8.7063,-1.289,1.65
21.993387,0.85,9.0213,-1.2247,1.57
22.00925,1.2644,9.4881,-1.0548,1.65
22.009949,1.4975,9.9945,-0.8146,1.77
22.026317,1.4429,10.5233,-0.4463,1.82
22.026991,1.0538,10.9794,-0.0254,1.82
22.044215,0.1679,11.1826,0.2108,1.7
22.061512,-1.5036,10.5539,-0.2286,1.85
22.078426,-1.8902,9.9024,-0.5173,2.0
22.096013,-2.0214,8.401,-0.6044,2.38
22.112302,-2.1178,7.188000000000001,-0.4394,3.17
22.114994,-1.8853,6.793699999999999,-0.3085,3.31
22.128936,-1.3705,6.5383,-0.1724,3.27
22.135009,-0.5874,6.6236,-0.0177,2.94
22.146137,0.3225,7.0013000000000005,0.0432,2.52
22.163,1.2883,7.4561,-0.0124,2.42
22.164817,1.9517,7.9225,-0.1144,2.51
22.180316,2.3012,8.3003,-0.2211,2.6
22.184973,2.4174,8.596,-0.22,2.59
22.196973,2.2543,8.8045,-0.1,2.36
22.214343,2.0087,8.9197,0.1354,2.1
22.214999,1.85,8.908,0.405,1.98
22.232039,1.6464,8.7451,0.7124,1.95
22.234759,1.3779,8.5159,0.9609,1.95
22.24959,1.107,8.2441,1.1087,2.01
22.266649,0.9008,7.9559,1.2423,2.18
22.267319,0.7726,7.7479,1.3604,2.35
22.28445,0.7117,7.7275,1.285,2.3
22.285547,0.7994,8.077,1.022,1.93
22.30123,1.1445,8.8371,0.5564,1.43
22.318605,1.3423,9.8109,0.5571,1.49
22.319284,1.4876,10.7148,0.9164,2.13
22.33612,1.8095,11.3186,0.9647,2.74
22.337569,1.8944,11.7562,0.6146,3.01
22.351874,1.0315,12.4091,0.4832,3.12
22.368366,-0.1175,13.2812,0.7053,3.85
22.369147,-0.555,13.893799999999999,1.0934,4.56
22.385126,-0.4769,13.806899999999999,1.5308,4.6
22.385791,-0.219,13.013300000000001,1.8703,3.99
22.402377,0.1126,11.9659,2.3142,3.38
22.404828,0.3101,10.913,2.918,3.26
22.419743,0.3094,10.0797,3.1051,3.17
22.440791,0.0832,9.7492,2.119,2.14
22.441947,0.1498,10.1933,1.5562,1.71
22.456309,-0.0194,10.9899,1.727,2.28
22.45725,-0.0552,12.0405,1.3815,2.89
22.471824,0.8762,12.9704,-0.3196,3.59
22.488348,2.4801,12.9272,-2.587,4.96
22.489275,3.2389,12.0136,-4.526,6.11
22.506021,2.7934,10.8382,-5.6472,6.44
22.506886,1.5216,9.7505,-6.2209,6.41
22.527869,0.034,9.1053,-6.3934,6.41
22.52921,-1.389,9.185,-6.1647,6.33
22.543161,-2.6293,9.7283,-5.4815,6.08
22.544219,-2.9364,10.4096,-4.5621,5.5
22.560162,-2.3438,11.163499999999999,-3.377,4.43
22.577304,-1.4435,11.8369,-2.1621,3.5
22.57801,-0.6577,12.3473,-1.2778,3.19
22.59425,-0.2404,12.649000000000001,-0.6858,3.23
22.594892,-0.0249,12.6312,-0.396,3.16
22.612628,0.3297,12.3213,-0.3023,2.86
22.631409,0.5958,11.9472,-0.2567,2.53
22.649133,0.5288,10.963000000000001,-0.3506,1.59
22.665656,0.5352,9.6532,-0.5882,0.81
22.666347,0.766,8.7746,-0.5754,1.2
22.681257,1.0258,7.7825,-0.6156,2.09
22.697795,1.1236,6.8924,-0.5787,2.9
22.698982,1.053,6.1968,-0.4006,3.49
22.714882,0.7962,5.6251,-0.3014,3.97
22.715536,0.337,5.2972,-0.1906,4.22
22.731767,-0.2953,5.3672,0.0416,4.14
22.749847,-0.9707,5.8869,0.3186,3.75
22.750554,-1.6742,6.7743,0.56,3.25
22.766532,-2.2743,7.7913,0.5686,2.9
22.767211,-2.6268,8.6308,0.3215,2.79
22.783752,-2.6883,9.406,0.0093,2.69
22.785071,-2.4924,9.9389,-0.2083,2.54
22.801853,-2.0864,10.205,-0.1986,2.21
22.818983,-1.5111,10.1719,-0.1668,1.66
22.8197,-1.0449,9.9022,-0.0401,1.12
22.835924,-0.6558,9.5785,0.204,0.69
22.836587,-0.2101,9.1838,0.4524,0.59
22.853871,0.1792,8.7857,0.7348,1.04
22.854588,0.401,8.3811,0.9354,1.51
22.870569,0.6182,8.0931,1.0358,1.85
22.889112,0.7461,7.9167000000000005,1.0055,2.02
22.889824,0.7407,7.9221,0.9311,1.98
22.906009,0.5822,8.0747,0.8331,1.75
22.906679,0.458,8.451,0.737,1.36
22.92345,0.2926,8.9799,0.5807,0.83
22.925123,-0.0436,9.6043,0.284,0.31
22.941882,-0.3846,10.2404,0.024,0.83
22.959387,-0.5411,10.8415,-0.0298,1.45
22.96006,-0.5991,11.4835,0.1841,2.08
22.976775,-0.7551,12.1228,0.5965,2.79
22.977576,-0.946,12.6342,0.885,3.39
22.994626,-1.0513,12.8505,0.9914,3.65
22.995379,-0.9743,12.6648,0.988,3.46
23.012634,-0.308,12.3576,0.2419,2.88
23.013872,0.4239,12.3908,-0.649,2.99
23.032483,0.664,12.5104,0.2359,3.09
23.05062,1.2795,12.863,1.8065,4.03
23.051343,1.2392,13.3889,2.1621,4.62
23.068362,-0.3376,13.190999999999999,0.3104,3.72
23.069152,-1.6113,12.2837,-1.866,3.72
23.085893,-2.0305,11.3923,-2.8739,4.0
23.086635,-2.166,10.6475,-3.4392,4.22
23.104492,-1.8193,9.8298,-3.7739,4.2
23.1054,-0.8314,9.0108,-3.808,3.93
23.122477,0.3376,8.5332,-3.7233,3.86
23.128961,1.3277,8.3948,-3.514,3.92
23.139569,1.9349,8.6062,-3.0514,3.72
23.143748,2.1729,9.1768,-2.6166,3.42
23.155895,2.3468,10.0612,-2.3803,3.39
23.172307,2.5662,11.2544,-1.9449,3.67
23.173608,2.6183,12.5719,-1.4141,4.28
23.1889,2.3791,13.5613,-0.9954,4.81
23.193823,2.1721,13.8497,-0.7431,4.92
23.206733,1.76,13.3168,-1.0792,4.34
23.223419,0.6844,12.3225,-1.4687,3.25
23.224099,-0.3036,11.2218,-1.3394,2.2
23.239665,-0.9212,10.1671,-0.9292,1.47
23.243518,-1.3019,9.2757,-0.5746,1.44
23.257257,-1.6127,8.562,-0.4103,1.91
23.277769,-1.7647,8.0467,-0.3342,2.31
23.278917,-1.6689,7.6222,-0.2033,2.52
23.296121,-1.3231,7.2202,-0.1707,2.64
23.297331,-0.8708,7.0205,-0.2329,2.64
23.317897,-0.4052,7.1831,-0.3954,2.39
23.319038,0.024,7.6417,-0.6281,1.96
23.33378,0.4098,8.393699999999999,-0.901,1.48
23.334575,0.8406,9.2081,-1.054,1.38
23.352946,1.3474,9.9508,-1.2004,1.86
23.354287,1.7214,10.5597,-1.431,2.48
23.368315,1.5079,10.8303,-1.5215,2.52
23.389671,1.247,10.7027,-1.3966,2.23
23.390328,1.2452,10.3255,-1.2142,1.93
23.408565,1.4111,9.9775,-0.9675,1.78
23.409307,1.5632,9.7299,-0.5504,1.67
23.426749,1.6236,9.555,-0.1093,1.63
23.443976,1.5237,9.3942,0.1518,1.53
23.461893,0.0222,8.9097,0.2433,0.64
23.479007,-0.53,8.9584,0.4952,0.91
23.479711,-0.9838,9.1003,0.7153,1.28
23.497837,-1.2831,9.2985,0.8488,1.55
23.4986,-1.3236,9.4888,0.8407,1.57
23.515242,-1.074,9.658,0.6645,1.27
23.515893,-0.6252,9.7542,0.3613,0.77
23.532564,-0.0143,9.769,0.1387,0.3
23.552205,0.7566,9.423,0.1027,0.77
23.553667,0.861,9.3436,0.2924,0.92
23.570884,0.647,9.304,0.5256,0.86
23.58811,0.3654,9.3601,0.6804,0.78
23.605286,-0.4578,9.938,0.8704,1.08
23.622398,-1.482,10.856,1.0366,2.26
23.623046,-1.5377,11.0895,0.517,2.27
23.638911,-0.9648,10.6583,-0.2669,1.53
23.656066,-0.2298,10.0206,-0.69,0.89
23.65677,0.2201,9.6701,-0.5452,0.61
23.672767,0.3345,9.609,-0.1832,0.4
23.673542,0.2227,9.6105,0.1998,0.32
23.690334,0.1274,9.6428,0.4501,0.49
23.70669,0.022,9.686,0.5632,0.59
23.707329,-0.1553,9.7186,0.586,0.64
23.723688,-0.2738,9.6581,0.5194,0.61
23.724369,-0.3957,9.5817,0.6353,0.75
23.741427,-0.5209,9.5572,0.8559,1.0
23.758474,-0.5213,9.583,1.0271,1.15
23.775515,-0.3918,9.834,1.1205,1.23
23.793119,-0.3884,10.1298,0.9837,1.23
23.794147,-0.3794,10.1546,0.7686,1.08
23.810627,-0.399,10.1197,0.5547,0.92
23.828299,-0.385,10.0782,0.367,0.79
23.829221,-0.3195,9.9864,0.2442,0.63
23.846046,-0.1885,9.9052,0.2671,0.52
23.846798,-0.0319,9.8707,0.3813,0.53
23.863576,0.0336,9.8097,0.4349,0.53
23.864673,0.0104,9.7821,0.5252,0.6
23.881177,0.0255,9.7536,0.5362,0.59
23.897638,-0.0447,9.7409,0.5053,0.56
23.898325,-0.1229,9.7179,0.4628,0.53
23.914467,-0.1921,9.6856,0.4261,0.5
23.915301,-0.2637,9.6793,0.44,0.54
23.930579,-0.3351,9.7376,0.4482,0.61
23.933157,-0.4221,9.7428,0.6285,0.8
23.948244,-0.3613,9.7731,0.3038,0.55
23.964409,-0.3385,9.9976,0.1624,0.62
23.96533,-0.3566,10.0558,0.2892,0.72
23.985792,-0.3346,10.0768,0.2945,0.73
23.986433,-0.3897,9.9998,0.408,0.75
24.002441,-0.3913,9.8522,0.4835,0.71
24.003101,-0.3649,9.757,0.5272,0.69
24.019147,-0.355,9.6981,0.5611,0.69
24.039837,-0.3143,9.6825,0.6029,0.7
24.058202,-0.1131,9.8688,0.591,0.71
